排名,代號,分數,時鐘,周期,已走日,預期日,進度%,預估轉正日,MACD_Hist,連升根數,A相位,B收斂,C轉向,D確認,收盤,21日%,距高%,RS21,量比
1,NHC,98.6,8:49,跌,12,7.4,163.0,0.9,-0.3411,5,44.8,25.0,13.9,15,224.92,3.8,-5.0,4.7,0.92
2,XOM,94.8,8:49,跌,12,11.4,105.0,1.3,-0.1712,2,45,23.8,11.1,15,165.23,3.4,-3.6,4.3,0.98
3,AEHR,93.5,8:49,跌,14,10.6,132.0,0.5,-0.4539,6,45,25.0,14.5,9,93.81,-19.9,-35.6,-19.1,1.1
4,AXTI,92.7,8:49,跌,13,11.8,111.0,0.2,-0.1288,6,45,25.0,14.7,8,64.7,-12.3,-54.1,-11.4,0.81
5,MSGS,89.9,8:49,跌,15,10.6,141.0,1.5,-0.6512,6,45,23.3,13.7,8,392.11,-0.3,-5.3,0.5,1.19
6,OXY,89.7,8:49,跌,11,8.2,133.0,2.7,-0.0342,2,45,19.1,10.6,15,61.16,3.6,-7.7,4.4,0.83
7,EQNR,89.0,9:49,升,2,14.5,14.0,,0.1178,3,34,25,15.0,15,45.11,10.2,-0.3,11.1,0.84
8,FMAO,89.0,9:24,升,1,14.5,7.0,,0.0051,11,34,25,15.0,15,35.41,1.0,0.0,1.9,0.58
9,NET,89.0,9:30,升,1,11.6,9.0,,0.5876,3,34,25,15.0,15,311.17,1.4,-5.9,2.2,0.92
10,PBF,89.0,9:55,升,2,13,15.0,,0.0438,3,34,25,15.0,15,77.08,11.1,0.0,12.0,0.92
11,OUST,87.8,8:49,跌,15,11.8,128.0,0.3,-0.0337,8,45,25.0,14.8,3,35.23,-21.9,-43.7,-21.1,0.56
12,FN,87.5,8:49,跌,16,10.5,152.0,0.6,-0.9296,8,45,25.0,14.5,3,403.95,-23.2,-45.9,-22.3,0.92
13,LWLG,87.2,8:49,跌,15,14,107.0,0.8,-0.0174,5,45,25.0,14.2,3,5.16,-31.7,-71.7,-30.9,0.82
14,FANG,87.0,8:49,跌,11,10.5,105.0,2.4,-0.3412,2,45,20.0,10.0,12,205.39,1.8,-3.9,2.7,1.07
15,ETN,86.8,8:49,跌,16,9.4,171.0,0.3,-0.3078,5,44.1,25.0,14.7,3,409.15,-10.9,-11.0,-10.0,0.86
16,RDW,86.7,8:06,跌,13,15.3,85.0,2.2,-0.0957,5,45,20.8,12.9,8,10.87,-19.5,-58.0,-18.7,0.71
17,DDOG,86.1,8:49,跌,25,13.5,185.0,1.2,-0.7061,2,43.0,24.3,10.8,8,221.72,-10.2,-23.1,-9.3,0.91
18,CHRD,86.0,9:23,升,1,15.6,6.0,,0.0125,2,34,25,12.0,15,151.82,9.0,0.0,9.9,0.87
19,FORM,86.0,10:00,升,2,12,17.0,,0.7143,5,34,25,15.0,12,112.12,-7.4,-29.9,-6.5,0.84
20,INSP,86.0,9:22,升,1,15.9,6.0,,0.2188,2,34,25,12.0,15,68.12,15.2,-52.7,16.1,0.77
21,MATX,86.0,9:27,升,1,13.1,8.0,,0.1338,2,34,25,12.0,15,227.99,11.5,0.0,12.4,0.86
22,MRVL,86.0,9:25,升,1,14.4,7.0,,0.0266,4,34,25,15.0,12,226.96,6.9,-28.3,7.8,1.02
23,ONTO,86.0,8:49,跌,13,13.1,99.0,1.2,-1.3903,4,45,24.4,13.7,3,268.92,-15.9,-28.9,-15.0,0.77
24,TER,86.0,10:01,升,2,11.6,17.0,,0.9274,6,34,25,15.0,12,370.19,-2.5,-23.5,-1.6,0.7
25,WSFS,86.0,9:24,升,1,15,7.0,,0.0386,6,34,25,15.0,12,79.94,-1.4,-2.9,-0.6,0.84
26,CMI,84.9,8:49,跌,17,14.4,118.0,0.1,-0.0849,6,45,25.0,14.9,0,550.03,-13.1,-24.4,-12.2,1.17
27,AVGO,84.8,8:49,跌,18,11.1,162.0,0.2,-0.0989,4,44.9,25.0,14.9,0,360.83,-13.3,-25.1,-12.4,1.32
28,HUBB,83.5,8:49,跌,17,9.9,172.0,1.7,-0.7514,6,44.0,22.4,14.1,3,452.41,-12.9,-18.9,-12.1,0.88
29,RBCAA,83.0,9:50,升,2,14.1,14.0,,0.099,14,34,25,15.0,9,97.24,-1.8,-3.4,-1.0,1.06
30,RRBI,83.0,9:26,升,1,13.5,7.0,,0.0036,1,34,25,9.0,15,103.17,0.8,-0.3,1.6,0.79
31,SU,83.0,10:03,升,2,11.4,18.0,,0.0379,2,34,25,12.0,12,68.93,8.9,-1.1,9.8,1.27
32,LQDA,82.3,8:49,跌,22,9.5,232.0,0.0,-0.0052,13,39.3,25.0,15.0,3,67.85,-22.9,-25.5,-22.1,0.73
33,AAOI,82.2,8:49,跌,13,9.1,142.0,2.1,-0.8892,6,45,21.2,13.0,3,103.29,-23.1,-53.7,-22.2,0.62
34,AGM,82.2,8:49,跌,19,10.6,179.0,4.5,-0.4203,10,43.5,12.5,14.2,12,224.6,-4.3,-7.1,-3.4,0.85
35,VIAV,82.0,10:13,升,2,9.8,21.0,,0.1805,4,34,25,15.0,8,37.4,-2.6,-32.4,-1.7,0.86
36,CORT,80.3,8:21,跌,11,12.3,89.0,5.4,-1.2208,3,45,9.1,11.2,15,114.92,2.7,-7.0,3.6,0.73
37,CVE,80.0,9:53,升,2,13.4,15.0,,0.0006,0,34,25,6.0,15,33.34,11.7,-0.4,12.6,0.75
38,HST,80.0,9:30,升,1,11.8,9.0,,0.0063,6,34,25,15.0,6,22.14,-0.7,-13.3,0.2,0.76
39,NWBI,80.0,9:33,升,1,10.6,9.0,,0.0033,1,34,25,9.0,12,15.49,-0.9,-3.2,-0.0,0.94
40,TRST,80.0,9:38,升,1,9.4,11.0,,0.0509,1,34,25,9.0,12,58.42,4.3,0.0,5.2,1.13
41,ET,78.1,5:45,跌,5,10.9,46.0,1.6,-0.0033,2,29.8,22.7,10.6,15,21.73,4.6,0.0,5.5,0.8
42,JBL,77.7,8:49,跌,15,8.8,171.0,0.6,-0.272,0,44.1,25.0,5.6,3,302.8,-15.1,-21.5,-14.2,0.89
43,AMAT,77.0,9:55,升,2,12.9,16.0,,0.6092,5,34,25,15.0,3,454.01,-13.6,-37.2,-12.7,0.76
44,FEIM,77.0,9:26,升,1,13.4,7.0,,0.0398,11,34,25,15.0,3,62.06,-18.2,-22.3,-17.4,0.68
45,HPE,77.0,9:46,升,2,15.6,13.0,,0.0711,0,34,25,6.0,12,55.22,1.5,-7.7,2.4,1.63
46,PKE,76.7,8:49,跌,16,11.9,135.0,3.5,-0.2235,10,45,15.9,12.8,3,30.71,-18.0,-19.7,-17.2,0.92
47,BAC,76.0,8:49,跌,18,11.4,158.0,5.7,-0.0849,9,45,8.1,13.8,9,62.56,-2.2,-3.5,-1.4,1.07
48,WST,75.3,8:10,跌,11,12.8,86.0,4.6,-0.6798,1,45,12.0,6.4,12,344.25,-2.0,-5.9,-1.1,0.73
49,LILAK,74.9,8:49,跌,21,7.2,290.0,4.7,-0.0207,3,34.6,12.0,13.3,15,8.68,2.5,0.0,3.4,0.86
50,WKC,74.9,8:49,跌,26,9.2,281.0,1.8,-0.0527,17,35.3,22.2,14.4,3,35.35,-4.0,-12.2,-3.2,0.76
51,PEB,72.9,7:51,跌,8,9.9,81.0,5.0,-0.0257,2,45,10.6,9.3,8,18.08,1.6,-8.5,2.5,1.07
52,ASML,72.8,7:45,跌,13,16.4,79.0,1.0,-2.3072,0,39.8,25.0,5.0,3,1687.43,-6.2,-15.2,-5.3,0.74
53,JCAP,72.7,7:55,跌,13,15.9,82.0,5.4,-0.1396,6,45,9.4,12.4,6,21.2,0.6,-11.7,1.4,0.68
54,COHR,70.1,11:17,升,3,7.9,38.0,,2.0341,4,34,13.1,15.0,8,293.17,-10.8,-31.3,-9.9,0.89
55,SYRE,70.0,8:49,跌,14,14.4,97.0,4.4,-1.2401,5,45,12.9,12.1,0,88.71,-13.7,-18.6,-12.8,1.13
56,GSAT,69.8,8:49,跌,16,16,100.0,5.3,-0.0698,1,45,9.7,7.2,8,81.97,-1.9,-2.9,-1.0,0.67
57,LPTH,69.4,8:49,跌,9,9,100.0,4.4,-0.2892,4,45,12.7,11.6,0,9.68,-26.1,-46.7,-25.2,1.41
58,PNC,69.0,8:49,跌,42,13.4,313.0,2.5,-0.1375,1,32.8,19.7,8.5,8,242.98,-4.4,-5.4,-3.5,0.84
59,TT,69.0,8:49,跌,17,15.1,112.0,3.4,-0.7006,0,45,16.6,4.4,3,439.83,-9.1,-12.6,-8.2,0.82
60,FBLA,68.1,10:27,升,3,12.4,24.0,,0.0059,1,34,13.1,9.0,12,15.99,1.9,0.0,2.8,1.46
61,LITE,68.1,11:49,升,3,6.4,47.0,,3.99,0,34,13.1,6.0,15,935.7,14.0,-11.1,14.9,0.88
62,NBIS,68.1,10:52,升,3,9.6,31.0,,1.6497,0,34,13.1,6.0,15,228.11,18.1,-20.4,18.9,0.63
63,STX,68.1,10:33,升,3,11.5,26.0,,4.8814,0,34,13.1,6.0,15,862.33,5.1,-21.2,6.0,0.73
64,VSAT,68.1,11:17,升,3,7.9,38.0,,0.2558,1,34,13.1,9.0,12,74.18,-12.2,-17.4,-11.4,0.8
65,PWR,68.0,10:01,升,2,11.8,17.0,,0.4573,0,34,25,6.0,3,618.73,-7.7,-21.2,-6.9,0.79
66,RLAY,67.7,8:49,跌,15,12.5,120.0,5.1,-0.1091,6,45,10.2,12.5,0,18.89,-5.5,-9.0,-4.6,1.2
67,DLB,67.4,8:49,跌,10,9.9,101.0,10.9,-0.4881,5,45,0.0,10.4,12,62.62,2.1,-13.8,2.9,1.07
68,ITGR,67.1,8:49,跌,16,8.1,197.0,29.3,-0.9112,5,42.0,0.0,10.1,15,126.05,0.8,-0.4,1.7,0.77
69,CIEN,66.9,8:49,跌,9,7.8,116.0,5.0,-4.8492,3,45,10.7,11.2,0,334.56,-13.7,-46.6,-12.8,1.3
70,GNRC,66.9,7:19,跌,10,13.9,72.0,1.2,-0.4079,0,37.6,24.3,4.9,0,181.67,-15.8,-38.5,-15.0,1.06
71,DLR,66.8,8:49,跌,16,15.8,102.0,3.9,-0.5416,0,45,14.8,3.9,3,185.37,-2.9,-9.1,-2.0,0.8
72,CXW,65.1,10:55,升,3,9.4,32.0,,0.015,0,34,13.1,6.0,12,34.41,1.4,-1.8,2.3,1.2
73,LOB,65.1,8:49,跌,25,9.2,270.0,4.5,-0.1156,6,36.2,12.6,13.4,3,39.16,-8.5,-10.5,-7.6,0.91
74,RMBS,65.1,11:01,升,3,8.9,34.0,,0.3488,5,34,13.1,15.0,3,85.35,-11.5,-50.0,-10.6,0.8
75,VECO,65.1,10:34,升,3,11.4,26.0,,0.1445,6,34,13.1,15.0,3,43.9,-12.5,-47.1,-11.6,0.63
76,WTTR,65.1,10:52,升,3,9.6,31.0,,0.0645,0,34,13.1,6.0,12,20.36,-3.6,-8.5,-2.7,0.84
77,OFG,64.0,8:49,跌,25,12.1,206.0,,-0.0628,1,41.3,0.0,7.6,15,52.56,0.0,-2.6,0.9,0.79
78,DV,63.1,8:49,跌,12,10.1,119.0,,-0.0781,1,45,0.0,3.1,15,13.37,0.9,-4.2,1.8,0.65
79,MBX,63.0,8:49,跌,41,18.8,218.0,5.8,-0.7082,5,40.4,8.0,11.6,3,60.94,-7.7,-13.8,-6.8,0.61
80,SMTI,62.5,8:49,跌,18,8.2,218.0,15.9,-0.2657,4,40.3,0.0,10.2,12,35.03,1.9,-0.7,2.8,1.06
81,LASR,62.1,12:07,升,3,5.8,52.0,,0.3079,19,34,13.1,15.0,0,39.29,-20.2,-53.7,-19.3,1.08
82,REX,62.1,10:20,升,3,13.4,22.0,,0.082,7,34,13.1,15.0,0,42.13,-2.8,-17.7,-1.9,1.2
83,LEU,61.6,8:49,跌,9,7.5,120.0,5.0,-1.2878,0,45,10.9,2.7,3,165.87,-12.3,-62.0,-11.4,0.95
84,CSCO,61.1,8:49,跌,19,13.4,142.0,5.7,-0.1903,0,45,8.2,5.0,3,107.44,-10.8,-17.4,-9.9,0.69
85,MTSI,61.1,10:16,升,3,14.1,21.0,,1.773,0,34,13.1,6.0,8,272.43,-9.2,-33.5,-8.3,0.81
86,NSIT,61.1,8:49,跌,16,9,178.0,,-0.7721,0,43.6,0.0,2.5,15,155.87,3.3,-3.2,4.1,0.64
87,TWLO,60.5,8:49,跌,15,10,150.0,,-1.3578,1,45,0.0,3.5,12,231.13,-9.7,-9.7,-8.8,0.8
88,CRWV,60.1,11:24,升,3,7.5,40.0,,0.4486,0,34,13.1,6.0,7,89.12,-1.3,-37.7,-0.4,0.81
89,ENVA,60.1,8:49,跌,23,14.4,160.0,11.8,-2.2963,6,45,0.0,12.1,3,223.06,-13.2,-16.0,-12.4,0.79
90,PESI,60.1,8:49,跌,20,13.6,147.0,,-0.044,0,45,0.0,5.1,10,18.25,4.6,-6.1,5.5,0.48
91,NTAP,60.0,8:49,跌,15,14.2,105.0,7.1,-1.5992,5,45,3.3,11.7,0,183.6,-7.5,-11.3,-6.6,1.07
92,AMD,58.9,10:32,升,4,15.6,26.0,,5.7892,4,17.6,11.2,15.0,15,503.6,6.2,-13.3,7.1,0.72
93,DRH,58.8,8:34,跌,10,10.8,93.0,8.2,-0.0569,2,45,0.0,7.8,6,12.18,1.4,-9.0,2.3,0.93
94,BNY,58.7,8:49,跌,16,10.9,147.0,,-0.2326,0,45,0.0,3.7,10,162.59,1.4,-1.4,2.3,0.97
95,EOG,58.7,7:04,跌,10,14.7,68.0,7.6,-0.2913,2,36.4,1.6,8.8,12,147.46,2.8,-3.7,3.7,1.06
96,EXPD,58.7,7:05,跌,7,10.2,68.0,,-0.6245,2,36.5,0.0,7.2,15,189.32,6.8,-0.9,7.7,0.75
97,FET,58.6,8:49,跌,14,8.4,167.0,,-0.8712,1,44.4,0.0,5.2,9,80.96,-2.5,-6.2,-1.7,1.08
98,LMT,58.6,8:49,跌,16,15.9,101.0,8.0,-5.418,3,45,0.0,10.6,3,530.12,-11.3,-21.7,-10.4,0.96
99,TALO,58.2,5:03,跌,4,11.6,34.0,5.8,-0.0235,2,26.3,8.0,8.8,15,17.54,12.7,-1.2,13.5,0.91
100,CDNA,56.8,8:49,跌,19,9.5,200.0,,-0.4834,0,41.8,0.0,0.0,15,50.02,5.9,-4.5,6.8,1.0
101,FRD,56.8,8:49,跌,14,13.5,104.0,,-0.2852,0,45,0.0,1.8,10,44.5,3.8,-7.4,4.7,0.67
102,CBL,56.7,8:49,跌,27,5.5,491.0,2.6,-0.1176,0,30.0,19.2,4.6,3,54.6,-4.1,-9.1,-3.2,0.94
103,RTX,56.5,8:49,跌,20,11,182.0,19.7,-2.0735,5,43.3,0.0,10.2,3,198.12,-11.5,-12.1,-10.6,0.75
104,STT,56.3,8:29,跌,8,8.8,91.0,,-0.3726,0,45,0.0,1.3,10,191.3,2.2,-1.5,3.1,0.69
105,PCAR,56.2,8:49,跌,25,12.2,204.0,13.0,-0.6254,5,41.5,0.0,11.7,3,122.57,-7.5,-11.3,-6.6,0.76
106,APLD,56.1,10:29,升,3,12.1,25.0,,0.1347,0,34,13.1,6.0,3,25.78,-13.2,-48.1,-12.3,0.86
107,CBRS,56.1,11:30,升,3,7.2,42.0,,0.6106,0,34,13.1,6.0,3,191.34,-18.5,-38.5,-17.6,0.97
108,GEV,56.1,10:26,升,3,12.5,24.0,,2.0284,0,34,13.1,6.0,3,923.91,-8.7,-21.4,-7.8,0.82
109,LRCX,56.1,10:26,升,3,12.5,24.0,,0.371,0,34,13.1,6.0,3,298.01,-4.3,-31.2,-3.4,0.76
110,OKLO,56.1,11:03,升,3,8.8,34.0,,0.1928,0,34,13.1,6.0,3,39.88,-15.2,-77.1,-14.3,0.96
111,GL,55.9,8:49,跌,24,15.1,159.0,,-0.323,1,45,0.0,7.9,3,170.8,-5.7,-8.2,-4.8,0.65
112,GLW,55.9,11:13,升,4,10.8,37.0,,2.4376,5,14.7,11.2,15.0,15,163.12,2.5,-36.2,3.3,0.75
113,PANW,55.7,8:49,跌,16,12.5,128.0,12.0,-4.2554,3,45,0.0,10.7,0,338.49,-11.8,-14.5,-10.9,1.14
114,IOVA,55.0,8:10,跌,7,8.1,86.0,,-0.1025,0,45,0.0,0.0,10,8.14,25.4,-9.5,26.3,0.6
115,TDW,55.0,8:49,跌,11,10.9,101.0,,-0.8839,0,45,0.0,0.0,10,91.99,0.9,-8.6,1.7,0.91
116,ZD,55.0,8:17,跌,12,13.6,88.0,,-0.1814,0,45,0.0,0.0,10,55.29,3.3,-2.5,4.2,0.9
117,CRDO,54.9,8:49,跌,14,8.8,160.0,18.1,-7.4559,3,45,0.0,9.9,0,160.31,-35.3,-47.0,-34.4,1.59
118,ABBV,54.7,8:49,跌,9,8.4,107.0,,-1.303,1,45,0.0,3.7,6,255.0,2.0,-4.1,2.8,0.79
119,AVTR,54.6,8:49,跌,20,7.4,271.0,,-0.0483,0,36.1,0.0,3.5,15,14.88,8.1,-4.6,8.9,0.81
120,HII,54.1,8:49,跌,17,11.1,153.0,16.7,-2.2621,1,45,0.0,6.1,3,281.67,-14.1,-37.9,-13.2,0.79
121,KO,54.1,8:49,跌,9,7.5,120.0,,-0.4308,1,45,0.0,3.1,6,87.83,1.6,-4.5,2.4,0.97
122,HMY,54.0,8:49,跌,9,6.6,136.0,12.3,-0.2641,0,45,0.0,2.0,7,20.19,3.5,-22.5,4.4,1.33
123,BJRI,53.9,8:49,跌,29,8.2,352.0,5.3,-0.6215,4,30.0,9.5,11.4,3,60.11,-11.0,-19.1,-10.1,0.96
124,COP,53.8,6:15,跌,4,7.4,54.0,,-0.1139,2,32.3,0.0,6.5,15,137.04,8.8,-0.1,9.7,0.92
125,BFH,53.0,8:49,跌,17,10.2,166.0,,-0.0948,0,44.5,0.0,5.4,3,106.86,-1.1,-5.8,-0.2,0.83
126,CCBG,53.0,8:49,跌,26,14.6,178.0,,-0.1085,1,43.6,0.0,6.5,3,50.72,-2.3,-4.0,-1.4,0.84
127,BA,52.5,8:49,跌,17,17.3,98.0,12.4,-0.6236,0,45,0.0,4.5,3,204.8,-12.2,-18.8,-11.3,0.92
128,TPR,52.5,8:49,跌,20,17.1,117.0,,-0.8914,1,45,0.0,7.5,0,115.87,-27.8,-29.7,-26.9,1.2
129,AMN,52.4,8:49,跌,13,10.5,124.0,16.6,-0.1485,0,45,0.0,1.4,6,33.05,-0.2,-9.7,0.7,0.72
130,ISRG,52.0,8:49,跌,13,10.6,122.0,,-2.0751,1,45,0.0,4.0,3,360.46,-10.2,-39.2,-9.3,0.71
131,MSFT,52.0,8:49,跌,17,13.4,127.0,,-3.9416,0,45,0.0,0.0,7,492.44,-2.3,-9.2,-1.4,0.69
132,UBSI,52.0,8:49,跌,24,12.1,198.0,15.0,-0.0828,1,42.0,0.0,7.1,3,47.33,-2.4,-4.1,-1.5,0.9
133,IMO,51.9,7:35,跌,11,14.4,77.0,16.2,-0.6881,3,39.0,0.0,9.9,3,130.81,1.0,-5.4,1.8,1.24
134,PARR,51.8,11:19,升,6,15.5,39.0,,0.365,11,14.3,7.5,15.0,15,83.59,10.8,-2.8,11.6,0.87
135,TJX,51.4,8:49,跌,21,13,162.0,32.4,-0.8049,1,44.9,0.0,6.5,0,126.42,-18.8,-24.9,-17.9,1.29
136,AWR,51.0,8:09,跌,10,11.6,86.0,,-0.3609,0,45,0.0,0.0,6,87.47,-0.1,-4.0,0.8,0.77
137,BLFS,51.0,8:49,跌,10,7.5,133.0,,-0.4556,0,45,0.0,0.0,6,34.92,0.3,-6.2,1.2,0.92
138,FORR,51.0,8:49,跌,19,12.9,148.0,,-0.1011,0,45,0.0,0.0,6,11.84,0.1,-6.4,1.0,0.87
139,MA,51.0,8:49,跌,7,7,100.0,,-4.315,0,45,0.0,0.0,6,565.37,0.7,-5.7,1.6,0.83
140,REGN,51.0,8:44,跌,11,11.5,96.0,,-7.6053,0,45,0.0,0.0,6,793.26,-0.5,-6.9,0.4,0.85
141,TEM,51.0,8:03,跌,6,7.1,84.0,,-0.9332,0,45,0.0,0.0,6,58.74,5.5,-43.1,6.4,0.98
142,TGT,51.0,8:49,跌,8,8.2,97.0,,-1.5006,0,45,0.0,0.0,6,155.73,2.3,-8.3,3.1,0.8
143,V,51.0,8:03,跌,6,7.1,84.0,,-1.8904,0,45,0.0,0.0,6,367.21,1.2,-4.4,2.1,0.73
144,AMAL,50.9,8:49,跌,24,10.1,237.0,21.8,-0.1253,1,38.8,0.0,7.0,5,48.52,-3.0,-5.0,-2.1,1.26
145,FBP,50.8,8:49,跌,26,15.1,172.0,,-0.0943,0,44.1,0.0,3.8,3,27.74,-4.5,-6.6,-3.6,0.91
146,SNOW,50.7,8:49,跌,17,9.1,186.0,,-1.4918,0,42.9,0.0,3.8,4,329.72,-1.3,-7.5,-0.4,1.38
147,MAX,50.6,8:49,跌,37,17.8,207.0,,-0.1342,1,41.2,0.0,6.4,3,11.74,-10.5,-17.7,-9.6,0.6
148,PK,50.4,7:16,跌,8,11.2,71.0,42.6,-0.0817,2,37.3,0.0,7.0,6,15.32,6.8,-5.3,7.7,0.91
149,ROST,50.2,8:49,跌,21,9.5,221.0,51.5,-1.0758,1,40.1,0.0,7.0,3,225.48,-10.5,-11.7,-9.6,0.84
150,UFPT,50.2,8:49,跌,15,8.8,171.0,,-5.0026,1,44.1,0.0,3.1,3,277.4,-13.8,-17.2,-12.9,0.67
151,CLS,50.0,12:22,升,4,7.1,56.0,,4.3715,5,8.8,11.2,15.0,15,325.22,4.8,-31.2,5.7,0.9
152,CM,49.8,8:49,跌,16,13.2,121.0,,-0.1736,0,45,0.0,4.8,0,114.47,-3.8,-7.5,-2.9,1.07
153,TRVI,49.8,8:49,跌,15,15.4,98.0,,-0.1687,0,45,0.0,1.8,3,15.91,-10.6,-18.4,-9.7,0.68
154,ARWR,49.7,8:49,跌,20,14.4,139.0,,-0.6325,0,45,0.0,1.7,3,82.76,-7.3,-7.6,-6.4,0.87
155,DNTH,49.7,8:49,跌,16,15.9,101.0,85.6,-0.9331,0,45,0.0,1.7,3,103.28,-4.8,-10.9,-3.9,0.74
156,MPWR,49.6,8:49,跌,16,15.3,105.0,13.6,-8.4066,0,45,0.0,1.6,3,1186.08,-15.4,-29.8,-14.5,0.76
157,RUSHB,49.3,8:49,跌,17,9.9,172.0,,-0.2769,0,44.0,0.0,2.3,3,49.21,-6.6,-8.9,-5.8,0.66
158,TXRH,49.3,8:49,跌,20,10.9,184.0,,-2.6333,1,43.1,0.0,3.3,3,181.05,-13.7,-15.5,-12.8,0.92
159,APLE,49.2,6:57,跌,7,10.6,66.0,40.6,-0.0819,2,35.8,0.0,7.5,6,15.56,-0.1,-8.8,0.8,0.85
160,CLDX,49.2,8:49,跌,16,14.9,108.0,,-0.3938,0,45,0.0,1.2,3,38.1,-14.1,-15.1,-13.2,0.68
161,AMZN,48.9,8:49,跌,18,14,129.0,,-1.4286,0,45,0.0,0.9,3,251.89,-7.5,-11.3,-6.6,0.82
162,JPM,48.8,8:49,跌,18,9.6,187.0,,-0.9651,0,42.8,0.0,2.9,3,353.56,-2.3,-3.2,-1.5,0.74
163,MDB,48.6,8:49,跌,13,12.1,107.0,,-10.714,1,45,0.0,3.6,0,373.87,-14.9,-20.8,-14.0,1.63
164,BOOT,48.5,8:49,跌,12,12,100.0,,-1.6326,0,45,0.0,0.5,3,140.68,-15.2,-32.4,-14.3,0.77
165,XPO,48.4,8:49,跌,15,12.4,121.0,,-0.5946,0,45,0.0,3.4,0,182.34,-10.4,-20.2,-9.5,1.07
166,AUGO,48.2,6:25,跌,7,12.2,57.0,,-0.8345,1,33.1,0.0,3.0,12,86.01,13.1,-21.2,14.0,1.05
167,ACN,48.0,7:48,跌,7,8.8,80.0,,-2.2022,0,45,0.0,0.0,3,177.91,-1.1,-38.3,-0.2,0.67
168,AXON,48.0,8:43,跌,13,13.6,95.0,,-15.117,0,45,0.0,0.0,3,478.85,-24.7,-38.4,-23.9,0.95
169,BX,48.0,8:49,跌,15,14.4,104.0,,-2.334,0,45,0.0,0.0,3,125.41,-14.8,-33.5,-13.9,0.8
170,ELVN,48.0,8:49,跌,20,12.5,160.0,,-0.5953,0,45,0.0,0.0,3,56.23,-4.3,-8.0,-3.5,0.96
171,GOOGL,48.0,8:49,跌,19,13.1,145.0,,-0.829,0,45,0.0,0.0,3,332.6,-3.3,-17.4,-2.4,0.94
172,KKR,48.0,8:49,跌,15,10.2,146.0,,-1.0875,0,45,0.0,0.0,3,100.87,-9.1,-32.5,-8.2,0.89
173,MEDP,48.0,7:50,跌,10,12.4,81.0,,-4.6815,0,45,0.0,0.0,3,583.16,-3.7,-6.1,-2.8,0.7
174,RAPP,48.0,8:49,跌,8,6.9,116.0,,-0.9633,0,45,0.0,0.0,3,43.46,-11.0,-17.2,-10.1,0.97
175,SBUX,48.0,7:55,跌,8,9.8,82.0,,-0.9249,0,45,0.0,0.0,3,99.22,-7.0,-8.6,-6.1,0.84
176,SOUN,48.0,8:49,跌,12,11.6,103.0,,-0.0993,0,45,0.0,0.0,3,6.28,-15.2,-70.7,-14.4,0.81
177,PGC,47.8,11:18,升,5,13,38.0,,0.1017,1,14.4,9.4,9.0,15,46.04,1.3,-4.7,2.1,0.6
178,KNSA,47.6,8:49,跌,20,12.1,165.0,,-0.7875,0,44.6,0.0,0.0,3,76.48,-1.7,-5.5,-0.8,0.83
179,P,47.6,8:49,跌,13,9.2,141.0,11.0,-1.7268,0,45,0.0,2.6,0,94.1,-14.0,-20.4,-13.1,1.11
180,QMCO,47.6,7:19,跌,9,12.5,72.0,,-0.3393,0,37.6,0.0,0.0,10,23.03,18.7,-11.8,19.6,0.64
181,ATI,47.3,8:49,跌,15,12.5,120.0,23.6,-1.8802,0,45,0.0,2.3,0,199.0,-13.5,-14.1,-12.6,1.41
182,CDP,47.2,8:49,跌,44,12.9,342.0,6.5,-0.1738,3,30.4,5.3,11.5,0,35.46,-2.6,-7.5,-1.7,1.04
183,HPQ,47.2,11:00,升,6,18,33.0,,0.0794,2,15.7,7.5,12.0,12,32.73,12.6,0.0,13.5,1.2
184,PLSE,47.1,5:12,跌,3,8.1,37.0,,-0.2009,2,27.1,0.0,8.0,12,54.43,22.6,-0.5,23.5,1.68
185,CRGY,46.9,5:17,跌,4,10.5,38.0,14.1,-0.0144,1,27.4,0.0,4.4,15,14.41,16.0,0.0,16.9,0.97
186,CLDT,46.4,6:32,跌,7,11.9,59.0,,-0.0648,2,33.7,0.0,6.7,6,12.95,4.0,-6.1,4.9,0.73
187,RXT,46.4,10:39,升,4,14.5,28.0,,0.0368,12,17.1,11.2,15.0,3,3.13,-28.0,-58.4,-27.2,0.62
188,COST,46.3,8:49,跌,10,5.5,182.0,,-5.2789,0,43.3,0.0,0.0,3,902.38,-4.4,-17.5,-3.6,0.99
189,ANET,46.2,8:49,跌,16,7.6,210.0,35.9,-1.0914,0,41.0,0.0,2.1,3,188.99,-4.5,-10.2,-3.6,0.58
190,ARM,46.2,10:41,升,4,14.1,28.0,,3.1022,0,16.9,11.2,6.0,12,254.18,-5.5,-42.2,-4.6,0.72
191,NUTX,46.2,6:21,跌,7,12.5,56.0,,-0.4096,0,32.8,0.0,1.4,12,195.2,17.3,-1.3,18.2,1.03
192,CRSR,46.0,5:08,跌,3,8.4,36.0,,-0.0036,1,26.7,0.0,7.2,12,12.57,-2.0,-12.4,-1.1,0.64
193,GEO,45.9,6:34,跌,7,11.8,60.0,5.5,-0.1024,0,33.9,9.0,3.1,0,31.38,-1.2,-4.2,-0.3,1.1
194,SWKS,45.9,11:35,升,6,13.9,43.0,,1.406,8,11.4,7.5,15.0,12,84.03,23.0,0.0,23.9,1.29
195,DD,45.7,8:49,跌,17,9,189.0,,-1.0273,0,42.7,0.0,0.0,3,127.32,-11.9,-17.6,-11.0,0.88
196,MET,45.7,5:03,跌,3,8.8,34.0,,-0.1163,1,26.3,0.0,4.4,15,96.78,-0.0,-3.2,0.9,0.82
197,CNXN,45.4,11:08,升,5,14,36.0,,0.3224,0,15.1,9.4,6.0,15,82.59,2.2,-4.8,3.1,0.73
198,QRVO,45.4,11:44,升,6,13.1,46.0,,1.2892,8,10.9,7.5,15.0,12,112.36,16.2,0.0,17.1,1.07
199,H,45.2,7:27,跌,9,12.1,74.0,,-1.1492,1,38.3,0.0,3.9,3,161.39,-6.5,-20.1,-5.6,0.97
200,ADBE,45.0,8:49,跌,5,4.9,103.0,,-5.0492,0,45,0.0,0.0,0,248.83,-5.6,-32.3,-4.8,1.05
201,BIRK,45.0,8:49,跌,16,15.1,106.0,,-0.2527,0,45,0.0,0.0,0,30.69,-18.1,-37.3,-17.2,1.02
202,JAZZ,45.0,8:49,跌,11,7.6,144.0,,-1.3173,0,45,0.0,0.0,0,240.48,-3.0,-8.1,-2.1,1.37
203,LH,45.0,8:49,跌,10,7,143.0,,-3.9683,0,45,0.0,0.0,0,306.96,-4.8,-9.5,-3.9,1.01
204,ZS,45.0,8:49,跌,13,10.1,128.0,,-3.1423,0,45,0.0,0.0,0,163.48,-8.4,-51.4,-7.6,1.5
205,MAR,44.9,6:48,跌,8,12.6,63.0,123.0,-1.7247,2,35.0,0.0,6.9,3,329.07,-5.8,-18.3,-5.0,0.97
206,ANGO,44.7,8:49,跌,15,5.4,279.0,,-0.156,2,35.5,0.0,6.2,3,15.24,-3.2,-5.5,-2.4,0.74
207,TMDX,44.7,7:44,跌,9,11.4,79.0,115.6,-0.9817,0,39.7,0.0,2.0,3,85.04,-4.8,-43.5,-4.0,0.8
208,INSW,44.6,10:37,升,5,18.4,27.0,,0.1595,0,17.2,9.4,6.0,12,102.14,14.7,-2.4,15.6,1.21
209,CQP,44.4,7:12,跌,5,7.1,70.0,,-0.1802,0,37.1,0.0,0.3,7,68.8,3.3,-3.4,4.2,1.09
210,FTNT,44.3,5:25,跌,5,12.4,40.0,49.8,-0.4521,1,28.1,0.0,4.2,12,158.85,-1.9,-8.1,-1.0,0.93
211,OMER,44.3,6:39,跌,7,11.5,61.0,,-0.2461,0,34.3,0.0,0.0,10,18.59,36.7,-4.1,37.6,0.74
212,HLT,43.9,6:41,跌,8,13,62.0,,-1.9219,2,34.5,0.0,6.4,3,306.24,-2.7,-12.6,-1.8,0.81
213,EQIX,43.8,6:53,跌,9,13.9,65.0,9.1,-4.0703,0,35.5,0.0,2.3,6,1023.81,-0.8,-8.3,0.0,0.93
214,LLY,43.7,7:17,跌,11,15.4,72.0,,-10.3842,1,37.5,0.0,3.2,3,1123.0,-7.6,-12.3,-6.7,0.94
215,NEM,43.5,7:05,跌,7,10.2,68.0,,-1.1786,0,36.5,0.0,0.0,7,126.14,7.6,-6.7,8.5,1.07
216,TSM,43.5,11:37,升,4,9.1,44.0,,1.7394,0,11.2,11.2,6.0,15,428.03,1.4,-10.4,2.3,0.75
217,CGNX,43.2,12:18,升,4,7.2,55.0,,0.2126,6,9.0,11.2,15.0,8,61.69,-1.9,-14.8,-1.0,0.64
218,NEO,43.2,5:26,跌,6,14.8,41.0,,-0.0806,0,28.2,0.0,0.0,15,17.61,6.5,-5.5,7.4,0.79
219,IREN,43.1,11:44,升,4,8.8,46.0,,0.6551,0,10.9,11.2,6.0,15,43.64,9.8,-42.9,10.7,1.0
220,AMKR,43.0,12:22,升,4,7.1,56.0,,0.6556,6,8.8,11.2,15.0,8,49.53,-8.8,-47.1,-7.9,0.85
221,SMR,43.0,11:17,升,6,15.8,38.0,,0.1319,0,14.5,7.5,6.0,15,10.21,3.2,-80.9,4.1,0.94
222,AXP,42.6,8:49,跌,38,13.8,276.0,,-1.1949,0,35.7,0.0,4.0,3,320.71,-5.9,-16.7,-5.0,0.86
223,ADPT,42.5,8:49,跌,19,5.1,371.0,35.4,-0.2865,3,30.0,0.0,9.5,3,24.23,-4.6,-8.4,-3.7,0.69
224,UHAL,42.2,8:49,跌,34,12.2,278.0,,-0.7992,1,35.6,0.0,3.6,3,63.34,-13.6,-15.8,-12.7,0.92
225,CNI,42.0,8:49,跌,30,9,333.0,22.1,-0.5814,5,31.1,0.0,10.9,0,121.16,-4.1,-7.2,-3.2,1.15
226,EBC,42.0,8:49,跌,37,10.5,352.0,35.6,-0.0995,2,30.0,0.0,9.0,3,21.66,-6.3,-8.4,-5.5,0.84
227,ICE,42.0,7:00,跌,7,10.5,67.0,,-1.0995,0,36.0,0.0,0.0,6,155.81,3.0,-11.6,3.9,0.92
228,AMRX,41.7,8:49,跌,29,10.6,273.0,,-0.1239,0,36.0,0.0,2.7,3,16.87,-1.3,-11.7,-0.5,0.94
229,ATRC,41.4,10:56,升,6,18.5,32.0,,0.0287,0,15.9,7.5,6.0,12,52.96,23.3,-1.4,24.2,1.14
230,INTC,41.0,11:49,升,5,10.6,47.0,,1.9111,0,10.6,9.4,6.0,15,100.32,2.7,-28.8,3.6,0.84
231,FCX,40.5,6:41,跌,6,9.8,62.0,,-0.5906,0,34.5,0.0,0.0,6,71.21,3.4,-10.9,4.3,0.96
232,UNF,40.5,8:49,跌,28,12,233.0,13.6,-1.5385,0,39.1,0.0,1.4,0,270.77,-7.1,-10.1,-6.2,1.75
233,WT,40.3,5:27,跌,6,14.6,41.0,,-0.1412,0,28.3,0.0,0.0,12,24.26,10.3,-3.1,11.2,1.04
234,UPST,40.1,7:13,跌,8,11.4,70.0,,-0.4251,0,37.1,0.0,0.0,3,25.1,-16.0,-63.2,-15.1,0.98
235,CSX,40.0,6:23,跌,8,14.1,57.0,28.6,-0.2718,1,33.0,0.0,4.0,3,49.04,-1.8,-7.9,-0.9,0.85
236,ORCL,40.0,11:14,升,5,13.4,37.0,,1.0645,0,14.7,9.4,6.0,10,152.94,5.1,-53.4,6.0,0.89
237,ALRS,39.8,8:49,跌,24,7.6,315.0,,-0.0692,0,32.6,0.0,4.1,3,32.93,-1.5,-3.5,-0.6,0.7
238,KMX,39.0,6:23,跌,7,12.4,57.0,,-0.4027,0,33.0,0.0,0.0,6,60.52,4.0,-5.8,4.9,0.64
239,CYRX,38.6,6:19,跌,7,12.6,55.0,,-0.1295,0,32.6,0.0,0.0,6,15.27,2.1,-10.9,3.0,0.76
240,OSPN,38.6,3:58,跌,2,12.4,16.0,,-0.0026,1,15.8,0.0,7.8,15,16.49,1.2,-2.5,2.0,0.93
241,CNQ,38.4,5:05,跌,4,11.5,35.0,,-0.1194,0,26.4,0.0,0.0,12,50.8,6.7,-1.9,7.6,1.09
242,DELL,38.4,11:41,升,5,11.1,45.0,,5.7229,0,11.0,9.4,6.0,12,506.62,14.9,-5.3,15.8,1.65
243,DFIN,38.2,10:26,升,4,16.6,24.0,,0.0053,0,18.0,11.2,6.0,3,48.37,2.6,-13.5,3.5,1.01
244,DUOL,38.2,6:50,跌,2,3.1,64.0,,-1.0409,0,35.2,0.0,0.0,3,145.16,7.2,-58.2,8.1,1.01
245,IBKR,38.2,6:14,跌,6,11.1,54.0,,-0.5719,0,32.2,0.0,0.0,6,89.42,-0.4,-8.9,0.5,0.84
246,RVMD,37.8,6:45,跌,9,14.4,63.0,,-1.8297,0,34.8,0.0,0.0,3,203.35,-1.1,-8.0,-0.2,0.94
247,NSC,37.7,6:07,跌,8,15.4,52.0,,-3.0277,1,31.6,0.0,3.1,3,323.3,-3.4,-8.4,-2.5,0.98
248,PR,37.6,4:35,跌,4,15.1,26.0,,-0.0549,0,22.6,0.0,0.0,15,23.7,10.4,-0.7,11.3,0.94
249,UNP,37.6,6:04,跌,8,15.6,51.0,,-2.6156,1,31.4,0.0,3.2,3,285.78,-2.4,-8.0,-1.5,0.82
250,HP,36.9,4:47,跌,4,13.4,30.0,,-0.2414,0,24.9,0.0,0.0,12,44.56,4.7,-6.5,5.6,1.19
251,CAT,36.5,10:51,升,4,12.9,31.0,,3.0239,0,16.2,11.2,6.0,3,805.0,-4.5,-24.4,-3.7,0.81
252,NNE,36.5,3:49,跌,1,7.2,14.0,2.6,-0.0511,0,14.2,19.3,0.0,3,17.36,-10.4,-69.3,-9.5,0.82
253,VEEV,36.3,5:40,跌,3,6.8,44.0,,-2.8151,0,29.3,0.0,0.0,7,260.98,10.3,-14.8,11.2,1.21
254,KLAC,36.2,10:55,升,4,12.5,32.0,,1.0395,0,16.0,11.2,6.0,3,177.18,-11.6,-41.3,-10.7,0.82
255,IOT,36.1,6:45,跌,8,12.8,63.0,,-0.2959,0,34.8,0.0,1.3,0,38.44,-4.7,-15.0,-3.8,1.61
256,SYM,35.8,11:01,升,4,11.9,34.0,,0.2583,0,15.6,11.2,6.0,3,41.1,-1.4,-52.9,-0.5,0.95
257,AXGN,35.6,6:19,跌,7,12.6,55.0,,-0.9678,0,32.6,0.0,0.0,3,41.85,-13.7,-19.1,-12.8,0.93
258,RDDT,35.6,12:33,升,6,10.1,59.0,,0.5421,1,8.1,7.5,9.0,11,155.34,-0.5,-42.6,0.3,0.68
259,KARO,35.1,5:37,跌,6,13.8,44.0,,-0.3235,0,29.1,0.0,0.0,6,63.85,2.0,-5.0,2.9,0.5
260,MCHP,35.1,11:12,升,4,10.9,37.0,,0.0685,0,14.8,11.2,6.0,3,71.58,-11.7,-30.5,-10.8,0.78
261,NKE,35.0,8:49,跌,30,9.8,308.0,,-0.1565,0,33.2,0.0,1.8,0,36.62,-11.4,-50.9,-10.5,1.15
262,PLTR,34.8,6:10,跌,7,13.2,53.0,,-3.0879,0,31.8,0.0,0.0,3,165.86,-5.2,-19.9,-4.3,0.73
263,APH,34.6,10:51,升,5,16.1,31.0,,0.0474,0,16.2,9.4,6.0,3,80.25,-4.0,-9.0,-3.1,0.89
264,APD,34.4,6:04,跌,5,9.8,51.0,,-1.7552,0,31.4,0.0,0.0,3,293.65,-5.1,-6.5,-4.2,0.89
265,SPOT,34.4,5:28,跌,3,7.2,41.0,,-3.6767,0,28.4,0.0,0.0,6,521.73,4.1,-29.4,5.0,0.84
266,TRGP,34.4,4:44,跌,4,13.8,29.0,,-0.6368,0,24.4,0.0,0.0,10,291.91,10.0,-3.4,10.8,0.85
267,NEE,33.8,10:46,升,4,13.5,30.0,,0.0161,0,16.6,11.2,6.0,0,82.44,-3.8,-15.8,-3.0,1.06
268,RCUS,33.8,6:33,跌,8,13.5,59.0,,-0.3928,0,33.8,0.0,0.0,0,26.15,-9.0,-17.2,-8.1,1.11
269,CCJ,33.7,5:49,跌,7,14.9,47.0,,-0.4413,0,30.1,0.0,0.6,3,97.42,-1.3,-27.3,-0.4,0.78
270,BBAI,33.6,5:55,跌,7,14.4,49.0,,-0.0258,0,30.6,0.0,0.0,3,2.82,-15.3,-68.4,-14.4,0.73
271,NFLX,33.6,5:18,跌,4,10.4,39.0,,-0.7485,0,27.6,0.0,0.0,6,76.01,1.6,-39.1,2.5,0.72
272,PBR,33.5,12:22,升,8,14.2,56.0,,0.2475,1,8.8,3.8,9.0,12,21.38,19.2,-3.0,20.1,1.39
273,TIGO,33.5,2:38,升,6,6.4,94.0,,0.2434,1,2.0,7.5,9.0,15,96.47,1.5,-7.5,2.4,0.64
274,GD,33.4,8:49,跌,18,4.6,389.0,716.5,-3.488,1,30.0,0.0,3.4,0,354.25,-9.6,-10.5,-8.7,1.03
275,MRK,33.4,5:17,跌,4,10.5,38.0,,-1.1402,0,27.4,0.0,0.0,6,144.71,11.0,-7.5,11.8,0.88
276,KFY,33.3,8:49,跌,23,7.5,307.0,,-0.9117,0,33.3,0.0,0.0,0,78.14,-5.6,-9.4,-4.7,1.21
277,VOYA,33.3,11:52,升,9,18.8,48.0,,0.0467,0,10.4,1.9,6.0,15,102.67,4.5,-2.1,5.4,0.98
278,KFRC,33.2,8:49,跌,34,6.8,504.0,,-0.8322,1,30.0,0.0,3.2,0,51.49,-11.1,-14.8,-10.3,1.11
279,RGA,33.2,4:38,跌,3,11,27.0,,-0.5633,0,23.2,0.0,0.0,10,247.45,1.1,-3.3,2.0,0.88
280,CVX,33.1,12:10,升,7,13.2,53.0,,0.31,0,9.4,5.6,6.0,12,212.76,8.2,-0.5,9.1,1.01
281,CEG,33.0,12:09,升,6,11.4,53.0,,0.9456,0,9.5,7.5,6.0,10,285.97,2.7,-29.2,3.6,0.91
282,CME,32.8,5:09,跌,4,11.1,36.0,,-1.411,0,26.8,0.0,0.0,6,274.07,5.7,-16.0,6.6,0.89
283,NUE,32.6,11:21,升,5,12.8,39.0,,0.0052,0,14.2,9.4,6.0,3,255.46,-6.1,-7.0,-5.2,0.78
284,SNX,32.6,11:38,升,5,11.4,44.0,,0.3898,0,11.2,9.4,6.0,6,255.54,0.6,-11.9,1.5,0.69
285,VRTX,32.2,5:37,跌,4,9.1,44.0,,-5.3326,0,29.2,0.0,0.0,3,514.56,-2.8,-7.8,-2.0,0.77
286,ARLP,32.0,2:49,升,17,11.8,145.0,,0.0235,3,2.0,0.0,15.0,15,26.87,8.7,-7.3,9.5,0.7
287,FCFS,32.0,2:49,升,28,9.5,295.0,,0.6452,5,2.0,0.0,15.0,15,227.38,9.1,-3.8,10.0,0.9
288,MEOH,32.0,2:49,升,19,14.2,133.0,,0.2961,3,2.0,0.0,15.0,15,62.72,15.6,-4.6,16.5,0.66
289,SMCI,31.9,4:31,跌,2,7.9,25.0,,-0.1583,0,21.9,0.0,0.0,10,37.38,18.3,-36.3,19.2,0.73
290,CRWD,31.8,5:21,跌,3,7.6,39.0,,-0.6585,0,27.8,0.0,0.0,4,208.86,-5.9,-9.6,-5.0,1.36
291,DOCU,31.8,4:20,跌,2,9,22.0,,-0.1616,0,19.8,0.0,0.0,12,65.8,10.9,-22.6,11.8,1.27
292,TLN,31.8,11:31,升,4,9.5,42.0,,2.8621,0,11.6,11.2,6.0,3,311.54,-12.9,-30.1,-12.1,0.95
293,DASH,31.7,5:32,跌,7,16.6,42.0,,-4.9417,0,28.7,0.0,0.0,3,201.03,-5.2,-28.6,-4.3,0.9
294,ESTC,30.8,5:21,跌,3,7.6,39.0,,-1.2658,0,27.8,0.0,0.0,3,83.48,9.3,-16.4,10.2,1.68
295,MS,30.6,11:54,升,4,8.2,48.0,,0.0314,0,10.3,11.2,6.0,3,212.66,-1.1,-7.0,-0.2,0.79
296,RRC,30.6,3:57,跌,2,12.6,16.0,,-0.049,0,15.6,0.0,0.0,15,41.88,3.0,-12.1,3.9,0.78
297,GS,29.9,12:05,升,4,7.8,52.0,,0.0529,0,9.7,11.2,6.0,3,1019.77,-1.4,-11.5,-0.5,0.86
298,PD,29.9,4:09,跌,2,10.4,19.0,,-0.0191,0,17.9,0.0,0.0,12,13.75,15.8,-17.3,16.7,1.29
299,AAPL,29.8,1:15,升,11,15.5,71.0,,0.7889,1,5.8,0.0,9.0,15,326.57,7.1,-4.0,8.0,0.92
300,ALAB,29.8,12:08,升,4,7.6,52.0,,1.7552,0,9.5,11.2,6.0,3,284.53,-8.8,-41.1,-7.9,0.83
301,MNDY,29.4,5:05,跌,4,11.5,35.0,,-1.8335,0,26.4,0.0,0.0,3,85.17,-2.6,-61.1,-1.7,0.82
302,MRNA,29.4,4:17,跌,3,13.9,22.0,,-2.5363,0,19.4,0.0,0.0,10,136.62,125.6,-21.7,126.4,0.96
303,VRT,29.4,11:41,升,5,11.1,45.0,,0.7258,0,11.0,9.4,6.0,3,248.13,-12.0,-34.0,-11.1,0.96
304,MOD,29.1,11:47,升,5,10.8,47.0,,1.294,0,10.7,9.4,6.0,3,179.26,-9.6,-41.6,-8.7,0.85
305,BG,29.0,2:49,升,21,10.5,200.0,,1.1113,3,2.0,0.0,15.0,12,124.59,11.6,-5.2,12.5,1.26
306,EPD,29.0,2:07,升,11,12.9,85.0,,0.0276,2,2.0,0.0,12.0,15,39.33,3.9,-1.2,4.8,0.75
307,META,29.0,2:49,升,11,7,157.0,,9.9236,14,2.0,0.0,15.0,12,644.38,7.6,-17.4,8.4,1.02
308,QCOM,29.0,2:49,升,25,14.1,177.0,,2.0418,3,2.0,0.0,15.0,12,176.88,8.7,-29.5,9.6,1.03
309,VTS,29.0,2:49,升,46,12.9,357.0,,0.113,4,2.0,0.0,15.0,12,18.64,13.7,-27.9,14.5,1.12
310,INVX,28.6,4:45,跌,4,13.6,29.0,,-0.1263,0,24.6,0.0,0.0,4,29.69,-1.5,-6.1,-0.6,1.37
311,VST,28.6,2:49,升,7,7.1,98.0,,1.7243,0,2.0,5.6,6.0,15,147.05,1.5,-32.5,2.4,0.99
312,GILD,28.4,4:33,跌,3,11.5,26.0,,-0.6853,0,22.4,0.0,0.0,6,144.81,6.7,-7.1,7.5,0.83
313,XRX,28.3,1:02,升,8,11.9,67.0,,0.0116,0,6.5,3.8,6.0,12,3.17,-1.6,-23.2,-0.7,0.84
314,LIN,28.2,4:50,跌,3,9.8,31.0,,-1.6515,0,25.2,0.0,0.0,3,461.62,-5.9,-15.6,-5.0,0.92
315,CDNS,28.1,5:25,跌,5,12.4,40.0,,-3.8516,0,28.1,0.0,0.0,0,284.95,-13.0,-31.6,-12.1,1.14
316,ADM,27.9,2:20,升,9,10.1,89.0,,0.6318,2,2.0,1.9,12.0,12,86.91,8.0,-0.5,8.9,1.04
317,AI,27.7,4:13,跌,2,9.8,21.0,,-0.0178,0,18.7,0.0,0.0,9,10.47,-1.5,-46.7,-0.6,1.25
318,SENEA,27.7,4:30,跌,3,12,25.0,,-1.7723,0,21.7,0.0,0.0,6,186.19,1.0,-10.2,1.8,1.0
319,NRG,27.6,12:14,升,5,9.2,54.0,,0.8225,0,9.2,9.4,6.0,3,111.65,-6.8,-39.3,-5.9,0.96
320,JNJ,27.5,4:29,跌,3,12.1,25.0,,-0.8754,0,21.5,0.0,0.0,6,266.35,2.5,-4.3,3.4,0.9
321,PNRG,27.2,3:54,跌,2,13.1,15.0,,-0.4,0,15.2,0.0,0.0,12,214.51,10.1,-21.3,11.0,1.36
322,NOW,26.8,4:25,跌,3,12.6,24.0,,-1.2903,0,20.8,0.0,0.0,6,131.17,2.8,-31.8,3.7,0.9
323,LULU,26.2,5:02,跌,4,11.8,34.0,,-2.5032,0,26.2,0.0,0.0,0,96.88,-22.9,-55.1,-22.0,2.57
324,RPRX,26.1,4:37,跌,2,7.4,27.0,,-0.3594,0,23.1,0.0,0.0,3,58.75,1.7,-8.1,2.5,1.23
325,DAN,25.3,3:55,跌,2,13,15.0,,-0.0384,0,15.3,0.0,0.0,10,30.67,0.9,-21.2,1.8,0.93
326,OLN,25.3,12:20,升,6,10.8,56.0,,0.117,0,8.8,7.5,6.0,3,17.31,-9.3,-42.6,-8.4,0.9
327,GFS,25.0,2:49,升,26,5.6,462.0,,0.542,6,2.0,0.0,15.0,8,45.96,-9.6,-48.9,-8.7,0.96
328,GNK,24.4,2:20,升,5,5.6,89.0,,0.0277,0,2.0,9.4,6.0,7,26.75,8.2,-3.3,9.1,1.55
329,GEN,24.3,4:06,跌,2,10.9,18.0,,-0.1038,0,17.3,0.0,0.0,7,29.97,3.3,-4.3,4.2,1.12
330,HG,24.0,4:26,跌,3,12.5,24.0,,-0.0822,0,21.0,0.0,0.0,3,34.9,-0.9,-6.4,0.0,0.85
331,SNPS,24.0,4:42,跌,4,14,29.0,,-2.9356,0,24.0,0.0,0.0,0,397.17,-3.3,-25.7,-2.5,1.15
332,COIN,23.5,4:07,跌,2,10.6,19.0,,-0.8809,0,17.5,0.0,0.0,6,172.28,16.0,-55.5,16.8,0.98
333,RIGL,23.4,3:45,跌,2,15.9,13.0,,-0.1509,0,13.4,0.0,0.0,10,47.28,12.5,-7.2,13.4,0.6
334,EPAM,23.3,3:45,跌,2,16,12.0,,-0.2919,0,13.3,0.0,0.0,10,114.52,14.6,-48.3,15.5,0.72
335,AESI,23.0,2:49,升,24,9.9,243.0,,0.228,0,2.0,0.0,6.0,15,13.87,15.8,-29.8,16.7,0.93
336,BE,23.0,2:49,升,12,10.9,110.0,,7.0108,0,2.0,0.0,6.0,15,258.49,22.4,-25.3,23.3,0.92
337,BNS,23.0,2:49,升,11,9.4,117.0,,0.0197,0,2.0,0.0,6.0,15,92.84,4.5,-2.2,5.4,0.85
338,DINO,23.0,2:49,升,18,14.8,122.0,,0.6198,0,2.0,0.0,6.0,15,107.72,25.9,-0.5,26.8,0.88
339,DMLP,23.0,2:49,升,21,5.2,400.0,,0.0324,0,2.0,0.0,6.0,15,29.65,9.1,-0.0,10.0,0.43
340,LXU,23.0,2:49,升,18,9.4,192.0,,0.1438,0,2.0,0.0,6.0,15,11.63,16.4,-31.1,17.3,0.86
341,OVBC,23.0,2:49,升,30,15.1,198.0,,0.1004,0,2.0,0.0,6.0,15,46.62,5.5,-7.0,6.4,0.78
342,SMTC,23.0,2:20,升,11,12.4,89.0,,3.4723,0,2.0,0.0,6.0,15,159.13,21.3,-8.9,22.2,0.99
343,SNDK,23.0,2:49,升,23,10.8,214.0,,24.8337,0,2.0,0.0,6.0,15,1692.59,33.2,-27.5,34.0,0.8
344,TARS,23.0,2:49,升,30,10.6,282.0,,0.7298,0,2.0,0.0,6.0,15,81.12,16.8,-10.6,17.7,0.94
345,TGTX,23.0,2:49,升,16,9.6,166.0,,0.0919,0,2.0,0.0,6.0,15,55.39,11.0,-6.2,11.9,0.76
346,UNM,23.0,1:50,升,10,12.4,81.0,,0.2199,0,2.0,0.0,6.0,15,94.31,5.0,-2.3,5.8,0.95
347,BMNR,22.5,3:56,跌,2,12.8,16.0,,-0.1194,0,15.5,0.0,0.0,7,24.2,33.8,-61.7,34.7,1.1
348,TD,21.2,4:11,跌,2,10.1,20.0,,-0.0401,0,18.2,0.0,0.0,3,120.14,-1.0,-3.7,-0.1,0.77
349,CNC,20.9,3:53,跌,2,13.5,15.0,,-0.0848,0,14.9,0.0,0.0,6,65.4,0.8,-4.8,1.7,0.99
350,HTO,20.9,3:53,跌,1,6.8,15.0,,-0.0596,0,14.9,0.0,0.0,6,63.03,1.2,-3.7,2.1,0.95
351,NRP,20.9,3:32,跌,1,11.2,9.0,,-0.0758,0,10.9,0.0,0.0,10,110.19,6.4,-12.1,7.3,0.53
352,CNX,20.6,3:30,跌,1,12,8.0,,-0.0417,0,10.6,0.0,0.0,10,36.67,1.5,-13.9,2.4,0.91
353,FTI,20.6,3:51,跌,2,13.9,14.0,,-0.27,0,14.6,0.0,0.0,6,75.58,0.3,-5.6,1.2,0.77
354,VSTM,20.3,3:45,跌,1,8,12.0,,-0.006,0,13.3,0.0,0.0,7,7.62,8.1,-28.4,9.0,1.1
355,URBN,20.2,4:22,跌,2,8.8,23.0,,-0.3431,0,20.2,0.0,0.0,0,75.6,-4.8,-8.9,-3.9,1.16
356,ACDC,20.0,2:49,升,27,10,270.0,,0.0498,0,2.0,0.0,6.0,12,5.19,-1.5,-35.6,-0.6,0.71
357,CBIO,20.0,2:49,升,27,12.1,223.0,,0.2554,0,2.0,0.0,6.0,12,19.46,16.6,-27.9,17.5,1.15
358,CF,20.0,2:49,升,15,12.2,122.0,,0.6507,0,2.0,0.0,6.0,12,135.11,14.7,-3.0,15.6,1.15
359,CYPH,20.0,2:49,升,27,14,193.0,,0.069,0,2.0,0.0,6.0,12,2.2,223.5,-25.9,224.4,2.43
360,HOOD,20.0,2:49,升,21,11.4,185.0,,1.0577,0,2.0,0.0,6.0,12,113.33,20.1,-25.7,21.0,1.05
361,HSHP,20.0,2:49,升,18,12.5,144.0,,0.1268,0,2.0,0.0,6.0,12,17.95,15.7,-2.2,16.6,1.21
362,HYPD,20.0,2:49,升,28,14.2,196.0,,0.0361,0,2.0,0.0,6.0,12,3.59,36.0,-76.0,36.9,1.69
363,LAND,20.0,2:49,升,20,10.4,193.0,,0.0615,0,2.0,0.0,6.0,12,9.48,15.5,-24.2,16.3,1.39
364,LUMN,20.0,1:50,升,10,12.4,81.0,,0.1029,0,2.0,0.0,6.0,12,6.81,6.7,-42.4,7.6,1.01
365,OOMA,20.0,1:53,升,10,12.2,82.0,,0.0697,0,2.0,0.0,6.0,12,22.67,7.8,-3.0,8.7,1.46
366,SBET,20.0,3:26,跌,1,13.4,7.0,,-0.0134,0,10.0,0.0,0.0,10,8.43,35.3,-56.2,36.2,0.9
367,SLDE,20.0,2:49,升,19,13.9,137.0,,0.0586,0,2.0,0.0,6.0,12,24.45,18.6,-1.1,19.5,1.17
368,TSLA,20.0,2:49,升,24,7,343.0,,2.2268,0,2.0,0.0,6.0,12,363.56,9.2,-25.8,10.1,1.11
369,GWW,19.9,4:04,跌,2,11.2,18.0,,-2.5886,0,16.9,0.0,0.0,3,1271.49,-2.3,-9.3,-1.5,0.92
370,FLR,19.5,3:45,跌,1,7.9,13.0,,-0.0046,0,13.5,0.0,0.0,6,53.55,1.1,-6.9,2.0,0.99
371,SOBO,19.2,4:00,跌,2,11.9,17.0,,-0.0909,0,16.2,0.0,0.0,3,36.39,0.2,-5.9,1.1,1.01
372,APP,19.0,2:49,升,12,12.2,98.0,,5.3199,1,2.0,0.0,9.0,8,314.49,-1.3,-57.1,-0.4,0.74
373,BWXT,19.0,12:46,升,7,11.1,63.0,,0.6828,0,7.4,5.6,6.0,0,152.49,-10.1,-36.0,-9.3,1.06
374,UNH,18.9,1:43,升,7,8.9,79.0,,0.3986,0,4.2,5.6,6.0,3,388.28,-3.5,-11.0,-2.6,1.0
375,PVLA,18.1,3:54,跌,2,13.2,15.0,,-0.294,0,15.1,0.0,0.0,3,150.39,-2.5,-4.7,-1.7,0.92
376,HAL,18.0,2:49,升,27,12,225.0,,0.0847,0,2.0,0.0,6.0,10,36.07,6.7,-16.1,7.6,0.98
377,MU,18.0,2:49,升,25,11.1,225.0,,6.0889,0,2.0,0.0,6.0,10,977.41,12.5,-19.5,13.4,0.7
378,NKTX,18.0,2:49,升,24,15.5,155.0,,0.0318,0,2.0,0.0,6.0,10,2.81,20.6,-23.4,21.5,0.95
379,BRKR,17.9,3:53,跌,2,13.5,15.0,,-0.3623,0,14.9,0.0,0.0,3,53.56,-6.1,-16.8,-5.2,0.86
380,CRM,17.9,3:32,跌,1,11.2,9.0,,-0.1255,0,10.9,0.0,0.0,7,243.0,23.1,-8.7,23.9,1.48
381,RDVT,17.0,3:26,跌,1,13.4,7.0,,-0.0198,0,10.0,0.0,0.0,7,73.05,2.6,-4.4,3.4,1.07
382,HSBC,16.6,3:30,跌,1,12,8.0,,-0.0437,0,10.6,0.0,0.0,6,103.7,0.5,-3.9,1.4,0.93
383,SLB,16.5,3:24,跌,1,14.8,7.0,,-0.0923,0,9.5,0.0,0.0,7,56.01,4.3,-6.8,5.2,1.33
384,CENX,16.2,1:24,升,9,12.2,73.0,,0.1158,0,5.3,1.9,6.0,3,44.36,-15.2,-35.5,-14.3,0.78
385,ANF,15.0,2:49,升,11,10.6,104.0,,1.0422,0,2.0,0.0,6.0,7,142.93,21.2,-6.0,22.0,1.35
386,NVAX,15.0,2:49,升,26,17.7,147.0,,0.0314,0,2.0,0.0,6.0,7,9.3,17.0,-16.9,17.9,1.34
387,RES,15.0,1:50,升,10,12.4,81.0,,0.0002,0,2.0,0.0,6.0,7,6.46,2.1,-19.2,2.9,1.06
388,SRPT,15.0,2:49,升,25,9.6,260.0,,0.0108,0,2.0,0.0,6.0,7,20.52,12.6,-16.1,13.5,1.26
389,IPGP,14.9,1:48,升,9,11.2,80.0,,1.2549,0,2.0,1.9,6.0,5,78.33,-8.7,-49.1,-7.8,1.01
390,GAP,14.8,3:36,跌,1,9.9,10.0,,-0.0207,0,11.8,0.0,0.0,3,20.91,-0.2,-28.2,0.6,1.51
391,DG,14.7,3:36,跌,1,10,10.0,,-0.2232,0,11.7,0.0,0.0,3,122.99,2.4,-21.3,3.3,1.29
392,CAH,14.2,3:33,跌,1,10.8,9.0,,-0.0407,0,11.2,0.0,0.0,3,236.02,-1.8,-5.1,-0.9,0.71
393,TEL,14.2,3:33,跌,1,10.8,9.0,,-0.0391,0,11.2,0.0,0.0,3,204.63,-6.4,-17.8,-5.5,0.87
394,NATH,14.0,2:49,升,17,9.4,181.0,,0.0907,0,2.0,0.0,6.0,6,97.81,0.4,-13.1,1.2,0.86
395,WDC,14.0,2:16,升,10,11.4,88.0,,4.1639,0,2.0,0.0,6.0,6,460.93,5.3,-38.2,6.1,0.74
396,WFRD,13.7,3:30,跌,1,11.6,9.0,,-0.3257,0,10.7,0.0,0.0,3,89.92,-4.8,-19.3,-3.9,0.92
397,NVDA,13.6,3:30,跌,1,11.9,8.0,,-0.1496,0,10.6,0.0,0.0,3,218.36,0.4,-7.4,1.3,1.15
398,PAHC,12.8,3:26,跌,1,13.8,7.0,,-0.0646,0,9.8,0.0,0.0,3,36.58,7.3,-38.6,8.2,1.15
399,ETR,11.0,2:49,升,12,11.1,108.0,,0.2122,0,2.0,0.0,6.0,3,105.73,-0.8,-10.3,0.1,1.04
400,VCYT,11.0,2:35,升,12,12.9,93.0,,0.3341,0,2.0,0.0,6.0,3,42.03,-9.4,-30.5,-8.6,0.94
401,AEO,8.5,3:18,跌,1,19,5.0,,-0.0988,0,8.5,0.0,0.0,0,14.53,-16.3,-48.5,-15.4,1.71
