ticker,name,n_hit,hits,detail,avoid,comb_grade,comb_up,comb_sure,ss_rank,ss_score,ss_name,ai_group,ai_rank,ai_tf5,mp_rank,mp_win,mp_score,mp_flag,rh,catalyst,score,miss,close,volidx,volidx_slope,grav_slope,clock,c5_cat,dist_grav_pct,turnover20_m,bars,hist_ok,vcp,vcp_grade,struct,lists
JNJ,Johnson & Johnson,2,chat2 Combined R22 ｜ chat3 SubSector R12,VCP A、Weinstein 2A、Pre-breakout A（線上 3/3） ｜ #18 大型藥廠（5 日分 85，斜率 +0.31）,,A/2A/A,90.9,22.6,18.0,84.5,大型藥廠,,,,,,,,,,5,⑤,270.68,91.7,0.02,0.326,8:49,第 8 根,0.52,1752.1,268,True,80.3,A 待突破,LH/LL,SubSector_R12+Combined_R22
REGN,Regeneron,2,chat2 Combined R22 ｜ chat3 SubSector R12,VCP A（線上 2/3） ｜ #19 大型生物科技（5 日分 84，斜率 +0.44）,,A/1→2/—,73.8,56.3,19.0,83.6,大型生物科技,,,,,,,,,,5,⑤,796.02,87.3,0.02,0.068,8:49,第 6 根,-1.42,565.3,268,True,56.8,A 待突破,HH/HL,SubSector_R12+Combined_R22+MP_R21_差一項
MRK,Merck,2,chat2 Combined R22 ｜ chat3 SubSector R12,VCP B、Weinstein 2A（線上 2/3） ｜ #18 大型藥廠（5 日分 85，斜率 +0.31）,,B/2A/—,73.3,27.7,18.0,84.5,大型藥廠,,,,,,,,,,5,⑤,147.98,86.0,0.0,0.534,8:49,已中斷,0.22,1461.3,268,True,64.6,A 待突破,LH/LL,SubSector_R12+Combined_R22
V,Visa,1,chat2 Combined R22,Weinstein 2A（線上 1/3）,,C/2A/—,76.4,21.1,,,,,,,,,,,,,5,②,367.98,93.8,-0.03,0.094,8:49,第 1 根,-0.7,2281.7,268,True,58.3,C 基底修復,LH/LL,SubSector_R12+Combined_R22
TRST,TrustCo Bank Corp NY Common Stock,1,chat2 Combined R22,Pre-breakout A（線上 1/3）,,—/—/A,79.2,22.1,,,,,,,,,,,,,5,①,56.3,91.4,0.35,-0.007,6:44,第 1 根,-1.49,9.0,268,True,61.7,C 基底修復,LH/LL,Combined_R22
XOM,ExxonMobil,1,chat2 Combined R22,VCP A（線上 2/3）,⚠ 加息清單「迴避」,A/1→2/—,77.0,29.8,,,,,,,,,,,,⚠ 9/16 -3.5%，綜合油企同步下挫,5,④,162.14,88.9,0.08,0.109,5:49,第 2 根,-0.22,2382.5,268,True,60.0,A 待突破,HH/HL,SubSector_R12+Combined_R22+RateHike_R2_迴避
RPRX,Royalty Pharma,1,chat2 Combined R22,Weinstein 2A（線上 1/3）,,C/2A/C,80.0,19.9,,,,,,,,,,,,,5,⑥,58.29,88.8,0.3,0.019,8:49,第 1 根,-3.16,199.3,268,True,49.5,C 基底修復,LH/LL,Combined_R22
SU,Suncor Energy  Inc. Common Stock,1,chat2 Combined R22,Pre-breakout A（線上 1/3）,,—/—/A,81.8,23.8,,,,,,,,,,,,⚠ 9/16 -4.1%,5,④,68.65,85.9,0.08,0.247,5:56,第 1 根,1.22,330.9,268,True,74.7,A 待突破,HH/HL,Combined_R22
MSFT,Microsoft Corporation,1,chat2 Combined R22,VCP A、Weinstein 2A（線上 2/3）,,A/2A/—,90.2,34.6,,,,,,,,,,,,,5,⑤,497.93,85.9,0.06,0.034,8:49,第 6 根,0.43,10676.2,268,True,70.7,A 待突破,LH/LL,AI_R13+SubSector_R12+Combined_R22
CNQ,Canadian Natural Resources Limited Commo,1,chat2 Combined R22,Pre-breakout A（線上 1/3）,,—/—/A,79.2,25.7,,,,,,,,,,,,,5,⑥,47.93,85.8,0.32,0.02,8:49,第 1 根,-4.36,357.7,268,True,47.1,C 基底修復,LH/LL,Combined_R22
NHC,National HealthCare Corporation Common S,1,chat2 Combined R22,Pre-breakout A（線上 1/3）,,—/—/A,83.5,59.7,,,,,,,,,,,,,5,⑤,221.6,84.4,0.02,0.107,7:42,已中斷,-1.31,24.0,268,True,60.3,C 基底修復,HH/HL,Combined_R22
OXY,Occidental,1,chat2 Combined R22,VCP B（線上 2/3）,,B/1→2/—,71.2,27.5,,,,,,,,,,,,⚠ 9/16 -6.5%，原油急挫拖累 E&P，−6.5%,5,①,58.05,84.4,0.32,-0.03,7:18,第 2 根,-2.94,503.1,268,True,44.5,C 基底修復,HH/HL,SubSector_R12+Combined_R22
RGLD,,1,chat3 SubSector R12,#28 黃金與貴金屬礦（5 日分 75，斜率 +0.24）,,,,,28.0,75.5,黃金與貴金屬礦,,,,,,,,,,5,⑤,252.49,82.9,0.39,0.65,8:49,第 6 根,-0.14,173.9,268,True,43.9,C 基底修復,LH/LL,SubSector_R12
CVE,Cenovus Energy Inc Common Stock,1,chat2 Combined R22,Pre-breakout A（線上 1/3）,,—/—/A,80.0,66.3,,,,,,,,,,,,⚠ 9/16 -4.1%，油砂股隨油價回落，−4.1%,5,⑤,31.28,81.7,0.3,0.057,7:42,已中斷,-3.13,210.8,268,True,65.8,A 待突破,HH/HL,Combined_R22
GNK,Genco Shipping & Trading Limited Ordinar,1,chat2 Combined R22,Pre-breakout A（線上 1/3）,,—/—/A,75.9,24.5,,,,,,,,,,,,,5,⑤,26.44,81.1,0.35,0.016,6:26,—,-1.56,18.4,268,True,60.2,A 待突破,HH/HL,Combined_R22
REPX,Riley Exploration Permian Inc.,1,chat1 動能回調 R21,總表 #26（動能 1月，爆發潛力 56.7）,,,,,,,,,,,26.0,1月,56.7,,,,5,④,41.69,79.7,0.75,0.101,4:50,第 1 根,0.82,17.4,268,True,52.1,B 上升結構,HH/HL,MP_R21
CHRD,Chord Energy Corporation Common Stock,1,chat2 Combined R22,Pre-breakout A（線上 1/3）,,—/—/A,75.5,70.1,,,,,,,,,,,,⚠ 9/16 -6.3%，頁岩 E&P 隨油價回吐 9/15 升幅，−6.4%,5,⑥,140.02,78.5,0.54,0.081,7:03,第 1 根,-3.9,104.3,268,True,47.0,C 基底修復,HH/HL,Combined_R22
CBLL,CeriBell Inc.,1,chat1 動能回調 R21,總表 #28（動能 2月，爆發潛力 49.8）,,,,,,,,,,,28.0,2月,49.8,,,,5,⑤,23.82,75.9,0.63,0.072,8:49,已中斷,-1.77,8.6,268,True,76.6,A 待突破,HH/HL,MP_R21
CORT,Corcept Therapeutics Incorporated Common,1,chat2 Combined R22,Pre-breakout A（線上 1/3）,,—/—/A,75.3,17.7,,,,,,,,,,,,,5,③,118.51,65.1,0.24,0.084,8:49,第 1 根,3.73,193.1,268,True,72.7,A 待突破,HH/HL,Combined_R22+MP_R21_差一項
PBF,PBF Energy,1,chat2 Combined R22,VCP B（線上 2/3）,,B/2B/—,66.6,82.2,,,,,,,,,,,,🔥 煉油毛利擴張，9/15 +6.1%（9/16 隨油價回吐）,5,③,71.9,55.4,0.58,0.027,8:49,第 1 根,-2.58,293.1,268,True,66.1,B 上升結構,HH/HL,Combined_R22+MP_R21_差一項
PSX,Phillips 66,3,chat1 動能回調 R21 ｜ chat3 SubSector R12 ｜ chat3 加息 R2,總表 #24（動能 3月，爆發潛力 60.4） ｜ #2 煉油與成品油（5 日分 99，斜率 +0.62） ｜ 加息／地緣政治 3 日清單：受惠,,,,,2.0,99.1,煉油與成品油,,,,24.0,3月,60.4,,受惠,,4,④⑤,255.87,82.3,0.35,0.93,5:45,已中斷,0.85,872.7,268,True,65.6,B 上升結構,HH/HL,SubSector_R12+RateHike_R2_受惠+MP_R21
MPC,Marathon Petroleum Corporation,3,chat1 動能回調 R21 ｜ chat3 SubSector R12 ｜ chat3 加息 R2,總表 #20（動能 2月/3月，爆發潛力 65.5） ｜ #2 煉油與成品油（5 日分 99，斜率 +0.62） ｜ 加息／地緣政治 3 日清單：受惠,,,,,2.0,99.1,煉油與成品油,,,,20.0,2月/3月,65.5,今日放量（1.6× 50日均量）收喺 20MA 下面,受惠,,4,④⑤,390.95,79.0,0.34,1.649,5:09,—,0.94,1259.5,268,True,65.0,B 上升結構,HH/HL,SubSector_R12+RateHike_R2_受惠+MP_R21
ABBV,AbbVie,2,chat2 Combined R22 ｜ chat3 SubSector R12,VCP A、Weinstein 2A、Pre-breakout A（線上 3/3） ｜ #18 大型藥廠（5 日分 85，斜率 +0.31）,,A/2A/A,94.1,34.4,18.0,84.5,大型藥廠,,,,,,,,,,4,④⑤,265.12,91.1,0.17,0.486,12:30,已中斷,2.16,1086.2,268,True,82.1,A 待突破,HH/HL,SubSector_R12+Combined_R22
GILD,Gilead,2,chat2 Combined R22 ｜ chat3 SubSector R12,VCP A（線上 2/3） ｜ #19 大型生物科技（5 日分 84，斜率 +0.44）,,A/1→2/—,74.5,31.7,19.0,83.6,大型生物科技,,,,,,,,,,4,②⑤,149.69,88.1,-0.13,0.495,8:49,已中斷,1.65,875.4,268,True,66.8,A 待突破,HH/HL,SubSector_R12+Combined_R22
VRTX,Vertex Pharma,2,chat2 Combined R22 ｜ chat3 SubSector R12,VCP A（線上 2/3） ｜ #19 大型生物科技（5 日分 84，斜率 +0.44）,,A/1→2/—,78.2,28.3,19.0,83.6,大型生物科技,,,,,,,,,,4,①⑤,522.38,87.8,0.03,-0.09,8:49,第 7 根,-1.38,549.7,268,True,67.4,A 待突破,HH/HL,SubSector_R12+Combined_R22
RS,,2,chat3 SubSector R12 ｜ chat3 加息 R2,#6 鋼鐵（5 日分 95，斜率 +0.23） ｜ 加息／地緣政治 3 日清單：受惠,,,,,6.0,95.5,鋼鐵,,,,,,,,受惠,,4,①④,385.77,86.6,0.63,-0.898,5:09,第 1 根,-2.37,120.4,268,True,62.9,C 基底修復,HH/HL,SubSector_R12+RateHike_R2_受惠
NUE,,2,chat3 SubSector R12 ｜ chat3 加息 R2,#6 鋼鐵（5 日分 95，斜率 +0.23） ｜ 加息／地緣政治 3 日清單：受惠,,,,,6.0,95.5,鋼鐵,,,,,,,,受惠,,4,①④,247.96,81.2,0.83,-0.479,5:28,第 1 根,-2.34,308.3,268,True,62.3,C 基底修復,LH/LL,SubSector_R12+RateHike_R2_受惠
STLD,,2,chat3 SubSector R12 ｜ chat3 加息 R2,#6 鋼鐵（5 日分 95，斜率 +0.23） ｜ 加息／地緣政治 3 日清單：受惠,,,,,6.0,95.5,鋼鐵,,,,,,,,受惠,,4,①④,235.2,79.6,0.8,-0.552,5:05,第 2 根,-0.99,235.0,268,True,62.4,C 基底修復,LH/LL,SubSector_R12+RateHike_R2_受惠
FCX,Freeport-McMoRan,2,chat2 Combined R22 ｜ chat3 SubSector R12,VCP B（線上 2/3） ｜ #25 銅與基本金屬（5 日分 78，斜率 +0.44）,,B/2B/—,71.1,22.2,25.0,78.2,銅與基本金屬,,,,,,,,,,4,③⑤,72.08,74.2,0.5,0.05,8:49,第 6 根,-1.7,888.9,268,True,65.5,B 上升結構,LH/LL,SubSector_R12+Combined_R22
UBSI,United Bankshares,1,chat2 Combined R22,Weinstein 2A（線上 1/3）,,C/2A/—,75.7,16.3,,,,,,,,,,,,,4,①④,46.53,94.6,0.11,-0.065,5:43,第 1 根,-1.9,49.8,268,True,50.0,C 基底修復,LH/LL,Combined_R22
EGP,,1,chat3 SubSector R12,#11 工業與物流REIT（5 日分 91，斜率 +0.10）,,,,,11.0,90.9,工業與物流REIT,,,,,,,,,,4,④⑤,202.5,94.3,0.18,0.134,2:43,已中斷,0.76,101.2,268,True,43.4,C 基底修復,HH/HL,SubSector_R12
STAG,,1,chat3 SubSector R12,#11 工業與物流REIT（5 日分 91，斜率 +0.10）,,,,,11.0,90.9,工業與物流REIT,,,,,,,,,,4,④⑤,37.29,94.0,0.17,0.009,2:49,—,0.33,57.7,268,True,24.0,D 趨勢弱,LH/LL,SubSector_R12
OFG,OFG Bancorp Common Stock,1,chat2 Combined R22,Pre-breakout A（線上 1/3）,,—/—/A,88.4,24.7,,,,,,,,,,,,,4,①⑤,51.74,93.6,0.18,-0.028,8:49,已中斷,-1.33,14.5,268,True,59.2,C 基底修復,HH/HL,Combined_R22
PFE,,1,chat3 SubSector R12,#18 大型藥廠（5 日分 85，斜率 +0.31）,,,,,18.0,84.5,大型藥廠,,,,,,,,,,4,②⑤,28.41,93.1,-0.08,0.071,8:49,第 6 根,1.8,946.7,268,True,70.8,C 基底修復,HH/HL,SubSector_R12
RRBI,Red River Bancshares Inc. Common Stock,1,chat2 Combined R22,Pre-breakout A（線上 1/3）,,—/—/A,90.5,25.5,,,,,,,,,,,,,4,①⑤,100.1,92.2,0.07,-0.097,7:16,—,-1.75,6.6,268,True,59.6,C 基底修復,LH/LL,Combined_R22
ALRS,Alerus Financial Corporation Common Stoc,1,chat2 Combined R22,Pre-breakout A（線上 1/3）,,—/—/A,88.6,26.2,,,,,,,,,,,,,4,①②,32.21,92.1,-0.0,-0.063,8:49,第 1 根,-2.37,5.2,268,True,54.7,C 基底修復,LH/LL,Combined_R22
BNS,Bank Nova Scotia Halifax Pfd 3 Ordinary ,1,chat2 Combined R22,Pre-breakout A（線上 1/3）,,—/—/A,89.0,31.3,,,,,,,,,,,,,4,④⑤,92.23,92.1,0.17,0.101,4:48,已中斷,0.2,162.6,268,True,82.8,A 待突破,HH/HL,Combined_R22
GWW,W.W. Grainger,1,chat2 Combined R22,Weinstein 2A（線上 1/3）,,C/2A/—,69.8,11.5,,,,,,,,,,,,,4,①⑤,1279.47,92.0,0.0,-0.673,9:44,已中斷,-1.04,327.4,268,True,49.9,C 基底修復,HH/HL,Combined_R22
UNP,Union Pacific,1,chat2 Combined R22,Weinstein 2A（線上 1/3）,,C/2A/C,74.5,16.6,,,,,,,,,,,,,4,①⑥,274.07,91.4,0.16,-0.52,8:49,第 3 根,-6.42,706.9,268,True,31.2,D 趨勢弱,LH/LL,SubSector_R12+Combined_R22
CSX,CSX,1,chat2 Combined R22,Weinstein 2A（線上 1/3）,,C/2A/C,75.2,15.1,,,,,,,,,,,,,4,①⑥,46.95,91.1,0.29,-0.099,8:49,第 3 根,-4.65,519.4,268,True,41.6,C 基底修復,LH/LL,SubSector_R12+Combined_R22
EXPD,Expeditors International of Washington I,1,chat2 Combined R22,Pre-breakout A（線上 1/3）,,—/—/A,90.1,64.6,,,,,,,,,,,,,4,②⑤,183.66,90.4,-0.7,0.051,7:48,已中斷,-2.81,188.7,268,True,54.8,C 基底修復,LH/LL,Combined_R22
BMY,,1,chat3 SubSector R12,#18 大型藥廠（5 日分 85，斜率 +0.31）,,,,,18.0,84.5,大型藥廠,,,,,,,,,,4,①⑥,61.5,89.6,0.33,-0.148,8:49,第 1 根,-5.04,660.2,268,True,39.3,C 基底修復,LH/LL,SubSector_R12
LH,Labcorp,1,chat2 Combined R22,VCP A、Weinstein 2A（線上 2/3）,,A/2A/—,86.1,25.0,,,,,,,,,,,,,4,①⑥,308.95,88.4,0.29,-0.523,8:49,第 1 根,-4.48,261.3,268,True,35.4,C 基底修復,LH/LL,Combined_R22
AMGN,,1,chat3 SubSector R12,#19 大型生物科技（5 日分 84，斜率 +0.44）,,,,,19.0,83.6,大型生物科技,,,,,,,,,,4,①⑤,406.04,85.7,0.37,-0.205,9:23,已中斷,-0.85,1218.8,268,True,53.8,B 上升結構,LH/LL,SubSector_R12
MEDP,Medpace Holdings Inc. Common Stock,1,chat2 Combined R22,Pre-breakout A（線上 1/3）,,—/—/A,88.7,29.6,,,,,,,,,,,,,4,④⑤,620.59,84.0,0.11,0.989,11:25,已中斷,2.47,142.0,268,True,72.1,A 待突破,HH/HL,Combined_R22
DJCO,Daily Journal Corp. (S.C.),1,chat1 動能回調 R21,總表 #23（動能 1月，爆發潛力 60.6）,,,,,,,,,,,23.0,1月,60.6,,,,4,④⑤,655.01,80.0,0.19,2.887,4:27,—,3.7,42.5,268,True,67.7,A 待突破,HH/HL,MP_R21
URBN,Urban Outfitters,1,chat2 Combined R22,Weinstein 2A（線上 1/3）,,C/2A/—,76.2,27.9,,,,,,,,,,,,,4,①⑥,74.78,78.8,0.32,-0.065,8:49,第 3 根,-3.73,90.7,268,True,52.5,C 基底修復,LH/LL,Combined_R22
GEO,Geo Group Inc (The) REIT,1,chat2 Combined R22,Pre-breakout A（線上 1/3）,,—/—/A,73.3,29.3,,,,,,,,,,,,,4,①②,31.96,78.5,-0.08,-0.001,8:49,第 2 根,2.04,73.7,268,True,77.9,A 待突破,HH/HL,Combined_R22
VEEV,Veeva Systems Inc. Class A,1,chat1 動能回調 R21,總表 #1（動能 1月/2月/3月，爆發潛力 83.7）,,,,,,,,,,,1.0,1月/2月/3月,83.7,,,,4,⑤⑥,274.84,78.1,0.74,1.104,8:49,第 4 根,3.57,533.9,268,True,52.5,B 上升結構,HH/HL,MP_R21
LPG,Dorian LPG Ltd.,1,chat1 動能回調 R21,總表 #25（動能 3月，爆發潛力 59.9）,,,,,,,,,,,25.0,3月,59.9,,,,4,④⑤,54.05,77.1,0.04,0.22,4:45,—,2.51,33.2,268,True,66.0,B 上升結構,HH/HL,MP_R21
SCCO,,1,chat3 SubSector R12,#25 銅與基本金屬（5 日分 78，斜率 +0.44）,,,,,25.0,78.2,銅與基本金屬,,,,,,,,,,4,③⑤,201.58,73.3,0.64,0.138,8:49,第 7 根,-0.14,225.0,268,True,70.7,B 上升結構,LH/LL,SubSector_R12
NOW,ServiceNow Inc.,1,chat1 動能回調 R21,總表 #6（動能 1月/2月/3月，爆發潛力 80.5）,,,,,,,,,,,6.0,1月/2月/3月,80.5,,,,4,③⑤,137.78,68.4,0.15,0.362,8:49,已中斷,2.35,2170.1,268,True,53.2,C 基底修復,LH/LL,AI_R13+SubSector_R12+Combined_R22+MP_R21
ZETA,Zeta Global Holdings Corp. Class A,1,chat1 動能回調 R21,總表 #14（動能 2月/3月/6月，爆發潛力 73.8）,,,,,,,,,,,14.0,2月/3月/6月,73.8,,,,4,③⑤,29.57,66.3,0.15,0.035,8:49,已中斷,-1.89,210.4,268,True,71.9,B 上升結構,LH/LL,MP_R21
ESTC,Elastic N.V.,1,chat1 動能回調 R21,總表 #4（動能 1月/2月/3月/6月，爆發潛力 82.4）,,,,,,,,,,,4.0,1月/2月/3月/6月,82.4,,,,4,③⑤,91.28,66.2,0.86,0.23,8:49,第 8 根,2.14,268.4,268,True,61.8,B 上升結構,HH/HL,MP_R21
AMPL,Amplitude Inc. Class A,1,chat1 動能回調 R21,總表 #12（動能 2月/3月/6月，爆發潛力 76.9）,,,,,,,,,,,12.0,2月/3月/6月,76.9,,,,4,②③,13.69,63.6,-0.36,0.057,8:49,第 2 根,3.37,22.5,268,True,74.7,B 上升結構,LH/LL,MP_R21
IOT,Samsara Inc.,1,chat2 Combined R22,VCP B、Weinstein 2A（線上 2/3）,,B/2A/—,82.3,38.4,,,,,,,,,,,,,4,①③,39.32,61.9,0.81,-0.018,6:05,第 2 根,-1.58,317.4,268,True,56.6,B 上升結構,HH/HL,Combined_R22
PLSE,Pulse Biosciences Inc,1,chat1 動能回調 R21,總表 #8（動能 2月/3月/6月，爆發潛力 79.6）,,,,,,,,,,,8.0,2月/3月/6月,79.6,回調唔係有序回落：期內有一日跌 -10.1%,,,4,③⑤,51.83,50.9,1.38,0.189,8:49,已中斷,1.16,36.2,268,True,70.6,B 上升結構,HH/HL,MP_R21
TSM,Taiwan Semiconductor (ADR),3,chat2 Combined R22 ｜ chat3 SubSector R12 ｜ chat3 加息 R2,VCP B（線上 2/3） ｜ #9 晶圓代工/IDM（5 日分 93，斜率 +0.44） ｜ 加息／地緣政治 3 日清單：受惠,,B/2B/—,86.9,21.7,9.0,92.7,晶圓代工/IDM,,,,,,,,受惠,,3,④⑤⑥,451.15,84.9,0.42,0.455,12:07,已中斷,5.6,4318.1,268,True,70.5,B 上升結構,HH/HL,AI_R13+SubSector_R12+Combined_R22+RateHike_R2_受惠
NVDA,NVIDIA Corporation,3,chat2 Combined R22 ｜ chat3 SubSector R12 ｜ chat3 AI Sector R13,Weinstein 2A（線上 1/3） ｜ #14 AI加速晶片/GPU（5 日分 88，斜率 +0.49） ｜ A1 GPU / Accelerator 加速器 #4（群組 5 日分 91，個股強度 +0.159）,,C/2A/—,80.2,25.9,14.0,88.2,AI加速晶片/GPU,A1 GPU / Accelerator 加速器,4.0,0.1594,,,,,,,3,①④⑤,224.58,83.2,0.32,-0.011,10:37,已中斷,1.66,28133.8,268,True,74.5,A 待突破,LH/LL,AI_R13+SubSector_R12+Combined_R22
VLO,Valero Energy Corporation,3,chat1 動能回調 R21 ｜ chat3 SubSector R12 ｜ chat3 加息 R2,總表 #17（動能 1月/2月/3月，爆發潛力 70.9） ｜ #2 煉油與成品油（5 日分 99，斜率 +0.62） ｜ 加息／地緣政治 3 日清單：受惠,,,,,2.0,99.1,煉油與成品油,,,,17.0,1月/2月/3月,70.9,今日放量（2.3× 50日均量）收喺 20MA 下面,受惠,,3,②④⑤,382.86,78.0,-0.0,1.635,5:22,—,1.85,1482.7,268,True,63.1,B 上升結構,HH/HL,SubSector_R12+RateHike_R2_受惠+MP_R21
DINO,HF Sinclair Corporation,3,chat1 動能回調 R21 ｜ chat3 SubSector R12 ｜ chat3 加息 R2,總表 #15（動能 1月/3月/6月，爆發潛力 72.2） ｜ #2 煉油與成品油（5 日分 99，斜率 +0.62） ｜ 加息／地緣政治 3 日清單：受惠,,,,,2.0,99.1,煉油與成品油,,,,15.0,1月/3月/6月,72.2,今日放量（1.7× 50日均量）收喺 20MA 下面,受惠,,3,③④⑤,105.79,73.4,0.36,0.595,4:18,—,1.76,312.5,268,True,61.0,B 上升結構,HH/HL,SubSector_R12+Combined_R22+RateHike_R2_受惠+MP_R21
SNOW,Snowflake Inc.,3,chat1 動能回調 R21 ｜ chat2 Combined R22 ｜ chat3 SubSector R12,總表 #11（動能 2月/3月/6月，爆發潛力 77.0） ｜ VCP B（線上 2/3） ｜ #4 資料/分析平台（5 日分 97，斜率 +0.29）,,B/2B/—,81.7,37.1,4.0,97.3,資料/分析平台,,,,11.0,2月/3月/6月,77.0,,,,3,①③⑤,334.0,70.8,0.63,-0.025,8:49,已中斷,-0.01,1865.1,268,True,75.8,B 上升結構,HH/HL,AI_R13+SubSector_R12+Combined_R22+MP_R21
AAPL,,2,chat3 SubSector R12 ｜ chat3 AI Sector R13,"#3 電子硬件與EMS/連接器（5 日分 98，斜率 +0.04） ｜ A4 運算 IP / SoC / Edge 裝置 Compute IP, SoC & Edge #6（群組 5 日分 84，個股強度 +0.327）",,,,,3.0,98.2,電子硬件與EMS/連接器,"A4 運算 IP / SoC / Edge 裝置 Compute IP, SoC & Edge",6.0,0.3271,,,,,,,3,④⑤⑥,335.92,89.5,0.33,0.907,2:49,—,4.16,14105.0,268,True,70.7,E 延伸,HH/HL,AI_R13+SubSector_R12
EQIX,,2,chat3 SubSector R12 ｜ chat3 AI Sector R13,#12 資料中心REIT（5 日分 90，斜率 +0.23） ｜ G2 數據中心 REIT + 中國算力 #8（群組 5 日分 78，個股強度 +0.161）,,,,,12.0,90.0,資料中心REIT,G2 數據中心 REIT + 中國算力,8.0,0.1612,,,,,,,3,①④⑤,1034.76,86.8,0.63,-0.823,10:20,已中斷,-1.36,532.0,268,True,56.3,C 基底修復,LH/LL,AI_R13+SubSector_R12
DLR,,2,chat3 SubSector R12 ｜ chat3 AI Sector R13,#12 資料中心REIT（5 日分 90，斜率 +0.23） ｜ G2 數據中心 REIT + 中國算力 #8（群組 5 日分 78，個股強度 +0.266）,,,,,12.0,90.0,資料中心REIT,G2 數據中心 REIT + 中國算力,8.0,0.2656,,,,,,,3,①⑤⑥,181.0,84.3,0.79,-0.44,8:49,已中斷,-3.65,390.0,268,True,43.3,C 基底修復,LH/LL,AI_R13+SubSector_R12
NEM,Newmont,2,chat2 Combined R22 ｜ chat3 SubSector R12,VCP B（線上 2/3） ｜ #28 黃金與貴金屬礦（5 日分 75，斜率 +0.24）,,B/1→2/—,69.0,23.5,28.0,75.5,黃金與貴金屬礦,,,,,,,,,,3,②⑤⑥,121.3,77.1,-0.12,0.113,8:49,已中斷,-3.63,978.4,268,True,61.8,B 上升結構,LH/LL,SubSector_R12+Combined_R22+MP_R21_差一項
SNPS,,2,chat3 SubSector R12 ｜ chat3 加息 R2,#23 EDA與半導體IP（5 日分 80，斜率 +0.28） ｜ 加息／地緣政治 3 日清單：受惠,,,,,23.0,80.0,EDA與半導體IP,,,,,,,,受惠,,3,④⑤⑥,424.91,76.0,0.01,0.273,10:04,已中斷,4.42,816.4,268,True,24.5,D 趨勢弱,LH/LL,AI_R13+SubSector_R12+Combined_R22+RateHike_R2_受惠
PLTR,Palantir Technologies Inc.,2,chat2 Combined R22 ｜ chat3 SubSector R12,VCP B（線上 2/3） ｜ #4 資料/分析平台（5 日分 97，斜率 +0.29）,,B/2B/—,86.3,25.9,4.0,97.3,資料/分析平台,,,,,,,,,,3,③⑤⑥,192.59,67.1,0.2,0.613,9:59,已中斷,8.03,4915.2,268,True,59.7,B 上升結構,HH/HL,AI_R13+SubSector_R12+Combined_R22
DELL,,2,chat3 SubSector R12 ｜ chat3 AI Sector R13,#3 電子硬件與EMS/連接器（5 日分 98，斜率 +0.04） ｜ E1 Server ODM/OEM 伺服器整合 #1（群組 5 日分 100，個股強度 +0.565）,,,,,3.0,98.2,電子硬件與EMS/連接器,E1 Server ODM/OEM 伺服器整合,1.0,0.5647,,,,,,,3,③④⑤,536.02,54.4,0.11,1.662,3:36,—,4.87,5787.7,268,True,59.7,E 延伸,HH/HL,AI_R13+SubSector_R12+Combined_R22+MP_R21_差一項
LITE,Lumentum Holdings Inc.,2,chat2 Combined R22 ｜ chat3 SubSector R12,VCP B（線上 2/3） ｜ #22 光通訊/CPO（5 日分 81，斜率 +0.30）,,B/2B/—,60.8,31.6,22.0,80.9,光通訊/CPO,,,,,,,,,🔥 9/16 +9.6%，Deutsche Bank 以買入／目標價 $1200 初評 Evercore ISI 以 O,3,③④⑤,929.04,46.4,0.39,0.416,11:46,已中斷,2.06,4039.8,268,True,61.9,B 上升結構,HH/HL,AI_R13+SubSector_R12+Combined_R22+MP_R21_差一項
FR,,1,chat3 SubSector R12,#11 工業與物流REIT（5 日分 91，斜率 +0.10）,,,,,11.0,90.9,工業與物流REIT,,,,,,,,,,3,①④⑤,61.36,94.4,0.2,-0.072,1:03,已中斷,-1.08,60.7,268,True,28.0,C 基底修復,LH/LL,SubSector_R12
JPM,JPMorgan Chase,1,chat2 Combined R22,Weinstein 2A（線上 1/3）,,C/2A/—,65.6,24.9,,,,,,,,,,,,,3,①⑤⑥,338.56,92.4,0.3,-0.762,8:49,已中斷,-4.21,2594.1,268,True,39.3,C 基底修復,LH/LL,SubSector_R12+Combined_R22
TRV,,1,chat3 加息 R2,加息／地緣政治 3 日清單：受惠,,,,,,,,,,,,,,,受惠,,3,①④⑤,362.39,90.6,0.12,-0.304,4:18,已中斷,-1.95,551.2,268,True,60.8,C 基底修復,HH/HL,SubSector_R12+RateHike_R2_受惠
IMO,Imperial Oil Limited Common Stock,1,chat2 Combined R22,Pre-breakout A（線上 1/3）,,—/—/A,75.5,21.3,,,,,,,,,,,,⚠ 9/16 -3.7%,3,①⑤⑥,124.57,87.5,0.29,-0.116,8:49,已中斷,-5.55,84.0,268,True,42.1,C 基底修復,HH/HL,Combined_R22
UNM,Unum Group,1,chat2 Combined R22,VCP A、Weinstein 2A（線上 2/3）,,A/2A/—,85.0,55.5,,,,,,,,,,,,,3,②④⑤,91.11,86.9,-1.34,0.018,5:30,—,-2.5,190.2,268,True,56.4,C 基底修復,LH/LL,Combined_R22
GOOGL,,1,chat3 SubSector R12,#8 大型網絡平台與數位廣告（5 日分 94，斜率 +0.02）,,,,,8.0,93.6,大型網絡平台與數位廣告,,,,,,,,,,3,①④⑤,342.36,84.8,0.39,-0.101,1:33,已中斷,-0.28,9238.3,268,True,46.8,C 基底修復,HH/HL,AI_R13+SubSector_R12+Combined_R22
BIIB,,1,chat3 SubSector R12,#19 大型生物科技（5 日分 84，斜率 +0.44）,,,,,19.0,83.6,大型生物科技,,,,,,,,,,3,④⑤⑥,226.36,84.6,0.16,0.717,11:15,已中斷,3.64,200.3,268,True,72.3,A 待突破,HH/HL,SubSector_R12
ANGO,AngioDynamics,1,chat2 Combined R22,VCP A、Weinstein 2A（線上 2/3）,,A/2A/—,85.3,25.9,,,,,,,,,,,,,3,①②⑤,15.28,81.8,-0.62,-0.015,8:49,已中斷,-1.74,6.6,268,True,64.0,A 待突破,LH/LL,Combined_R22
HCA,,1,chat3 加息 R2,加息／地緣政治 3 日清單：受惠,,,,,,,,,,,,,,,受惠,,3,②④⑤,423.48,81.8,-1.18,0.43,2:39,已中斷,0.65,651.3,268,True,25.7,D 趨勢弱,HH/HL,SubSector_R12+RateHike_R2_受惠
TIGO,Millicom International Cellular S.A. Com,1,chat2 Combined R22,Pre-breakout A（線上 1/3）,,—/—/A,70.4,31.5,,,,,,,,,,,,,3,①④⑤,91.0,79.9,0.13,-0.129,5:26,—,-2.81,72.6,268,True,59.7,C 基底修復,HH/HL,Combined_R22
APH,,1,chat3 SubSector R12,#3 電子硬件與EMS/連接器（5 日分 98，斜率 +0.04）,,,,,3.0,98.2,電子硬件與EMS/連接器,,,,,,,,,,3,①④⑤,83.08,78.5,0.4,-0.08,10:16,已中斷,3.25,970.7,268,True,61.0,A 待突破,HH/HL,AI_R13+SubSector_R12
TECK,,1,chat3 SubSector R12,#25 銅與基本金屬（5 日分 78，斜率 +0.44）,,,,,25.0,78.2,銅與基本金屬,,,,,,,,,,3,①②⑤,66.51,76.3,-0.16,-0.066,8:49,第 6 根,-1.62,193.6,268,True,71.9,B 上升結構,LH/LL,SubSector_R12
META,,1,chat3 SubSector R12,#8 大型網絡平台與數位廣告（5 日分 94，斜率 +0.02）,,,,,8.0,93.6,大型網絡平台與數位廣告,,,,,,,,,,3,④⑤⑥,777.59,75.4,0.07,8.881,2:49,—,17.71,14997.4,268,True,46.4,E 延伸,HH/HL,AI_R13+SubSector_R12+Combined_R22
AMRX,Amneal Pharmaceuticals Inc. Class A Comm,1,chat2 Combined R22,Pre-breakout A（線上 1/3）,,—/—/A,82.5,28.7,,,,,,,,,,,,⚠ 9/16 +8.6%,3,④⑤⑥,19.8,75.3,0.76,0.073,12:16,已中斷,8.02,45.4,268,True,68.4,E 延伸,LH/LL,Combined_R22
TSLA,,1,chat3 AI Sector R13,G4 機器人 / 物理 AI Physical AI #9（群組 5 日分 75，個股強度 +0.024）,,,,,,,,G4 機器人 / 物理 AI Physical AI,9.0,0.0238,,,,,,,3,④⑤⑥,377.94,75.1,0.46,1.217,12:47,—,5.0,14182.8,268,True,28.4,C 基底修復,HH/HL,AI_R13+SubSector_R12+Combined_R22
AEM,,1,chat3 SubSector R12,#28 黃金與貴金屬礦（5 日分 75，斜率 +0.24）,,,,,28.0,75.5,黃金與貴金屬礦,,,,,,,,,,3,③⑤⑥,193.88,74.2,0.26,0.504,8:49,已中斷,-4.57,438.0,268,True,39.8,D 趨勢弱,LH/LL,SubSector_R12
CXW,CoreCivic Inc. Common Stock,1,chat2 Combined R22,Pre-breakout A（線上 1/3）,,—/—/A,72.5,34.3,,,,,,,,,,,,,3,①②③,34.36,72.4,-0.33,-0.003,6:33,第 1 根,1.78,68.0,268,True,70.5,B 上升結構,HH/HL,Combined_R22
AMN,AMN Healthcare Services Inc,1,chat2 Combined R22,Pre-breakout A（線上 1/3）,,—/—/A,78.7,27.7,,,,,,,,,,,,,3,③④⑤,34.56,71.7,0.31,0.101,1:29,已中斷,1.18,20.0,268,True,73.5,A 待突破,HH/HL,Combined_R22
VIR,Vir Biotechnology Inc.,1,chat1 動能回調 R21,總表 #19（動能 1月/2月，爆發潛力 66.2）,,,,,,,,,,,19.0,1月/2月,66.2,,,,3,②③⑤,10.72,67.0,-1.9,0.03,7:24,已中斷,0.46,25.0,268,True,69.1,A 待突破,HH/HL,MP_R21
HBM,,1,chat3 SubSector R12,#25 銅與基本金屬（5 日分 78，斜率 +0.44）,,,,,25.0,78.2,銅與基本金屬,,,,,,,,,,3,①③⑤,26.48,64.4,0.5,-0.059,8:49,第 6 根,-4.48,106.3,268,True,62.0,B 上升結構,LH/LL,SubSector_R12
DHX,DHI Group Inc.,1,chat1 動能回調 R21,總表 #13（動能 1月/6月，爆發潛力 74.4）,,,,,,,,,,,13.0,1月/6月,74.4,,,,3,③④⑤,4.73,62.1,1.83,0.025,4:16,—,5.21,1.4,268,True,65.7,B 上升結構,HH/HL,MP_R21
SGP,SpyGlass Pharma Inc.,1,chat1 動能回調 R21,總表 #21（動能 2月/3月，爆發潛力 65.4）,,,,,,,,,,,21.0,2月/3月,65.4,,,,3,②③⑤,27.65,60.9,-0.48,0.049,8:49,已中斷,-0.75,4.1,159,False,53.9,B 上升結構,LH/LL,MP_R21
SABR,Sabre Corporation,1,chat1 動能回調 R21,總表 #18（動能 2月，爆發潛力 66.4）,,,,,,,,,,,18.0,2月,66.4,,,,3,③④⑤,2.25,58.1,0.34,0.004,3:35,已中斷,2.28,12.8,268,True,69.5,B 上升結構,HH/HL,MP_R21
PARR,Par Pacific,1,chat2 Combined R22,VCP B（線上 3/3）,,B/2B/B,70.8,34.7,,,,,,,,,,,,,3,③④⑤,76.77,58.1,0.21,0.049,4:22,—,-4.94,80.4,268,True,54.2,C 基底修復,HH/HL,Combined_R22
NUTX,Nutex Health Inc.,1,chat1 動能回調 R21,總表 #2（動能 1月/2月/3月/6月，爆發潛力 83.7）,,,,,,,,,,,2.0,1月/2月/3月/6月,83.7,,,,3,③④⑤,204.59,58.0,0.85,1.164,4:26,已中斷,3.97,30.8,268,True,67.5,B 上升結構,HH/HL,MP_R21
AMWL,American Well Corporation Class A,1,chat1 動能回調 R21,總表 #10（動能 1月/3月/6月，爆發潛力 77.1）,,,,,,,,,,,10.0,1月/3月/6月,77.1,,,,3,③④⑤,13.47,56.5,0.74,0.024,3:48,—,5.06,1.4,268,True,73.3,E 延伸,HH/HL,MP_R21
SIMO,,1,chat3 AI Sector R13,C3 記憶體介面/控制晶片 Memory Interface #5（群組 5 日分 88，個股強度 +0.293）,,,,,,,,C3 記憶體介面/控制晶片 Memory Interface,5.0,0.293,,,,,,,3,③④⑤,275.1,45.6,0.33,1.522,11:21,已中斷,6.65,202.5,268,True,65.2,C 基底修復,HH/HL,AI_R13
AMD,"Advanced Micro Devices, Inc.",3,chat2 Combined R22 ｜ chat3 SubSector R12 ｜ chat3 AI Sector R13,VCP B（線上 2/3） ｜ #14 AI加速晶片/GPU（5 日分 88，斜率 +0.49） ｜ A1 GPU / Accelerator 加速器 #4（群組 5 日分 91，個股強度 +0.448）,,B/2B/—,70.3,26.1,14.0,88.2,AI加速晶片/GPU,A1 GPU / Accelerator 加速器,4.0,0.4479,,,,,,,2,③④⑤⑥,629.26,66.1,0.57,5.224,2:49,—,17.98,11512.9,268,True,65.0,E 延伸,HH/HL,AI_R13+SubSector_R12+Combined_R22
TMO,,2,chat3 SubSector R12 ｜ chat3 加息 R2,#1 診斷與生命科學工具（5 日分 100，斜率 +0.24） ｜ 加息／地緣政治 3 日清單：受惠,,,,,1.0,100.0,診斷與生命科學工具,,,,,,,,受惠,,2,②④⑤⑥,678.39,88.0,-0.37,2.275,11:55,已中斷,7.35,1359.2,268,True,64.1,B 上升結構,HH/HL,SubSector_R12+RateHike_R2_受惠
LLY,Eli Lilly,2,chat2 Combined R22 ｜ chat3 SubSector R12,Weinstein 2A（線上 1/3） ｜ #18 大型藥廠（5 日分 85，斜率 +0.31）,,C/2A/—,69.8,10.0,18.0,84.5,大型藥廠,,,,,,,,,,2,①②④⑤,1181.89,85.9,-0.16,-0.983,11:08,已中斷,0.14,2747.0,268,True,72.8,A 待突破,HH/HL,SubSector_R12+Combined_R22
DHR,,2,chat3 SubSector R12 ｜ chat3 加息 R2,#1 診斷與生命科學工具（5 日分 100，斜率 +0.24） ｜ 加息／地緣政治 3 日清單：受惠,,,,,1.0,100.0,診斷與生命科學工具,,,,,,,,受惠,,2,②④⑤⑥,223.77,83.9,-0.17,0.857,11:08,已中斷,5.57,830.6,268,True,57.6,A 待突破,LH/LL,SubSector_R12+RateHike_R2_受惠
FTNT,,2,chat3 SubSector R12 ｜ chat3 AI Sector R13,#5 網絡安全（5 日分 96，斜率 +0.18） ｜ D8 安全 / 防火牆 Security / Firewall #7（群組 5 日分 81，個股強度 +0.276）,,,,,5.0,96.4,網絡安全,D8 安全 / 防火牆 Security / Firewall,7.0,0.2764,,,,,,,2,③④⑤⑥,178.67,74.8,0.55,0.482,2:28,已中斷,8.33,792.5,268,True,65.0,E 延伸,HH/HL,AI_R13+SubSector_R12+Combined_R22
CRWD,,2,chat3 SubSector R12 ｜ chat3 AI Sector R13,#5 網絡安全（5 日分 96，斜率 +0.18） ｜ D8 安全 / 防火牆 Security / Firewall #7（群組 5 日分 81，個股強度 +0.530）,,,,,5.0,96.4,網絡安全,D8 安全 / 防火牆 Security / Firewall,7.0,0.5296,,,,,,,2,③④⑤⑥,259.67,61.2,0.81,0.956,1:51,—,14.33,3011.5,268,True,64.4,E 延伸,HH/HL,AI_R13+SubSector_R12+Combined_R22
INTC,,2,chat3 SubSector R12 ｜ chat3 AI Sector R13,#9 晶圓代工/IDM（5 日分 93，斜率 +0.44） ｜ A1 GPU / Accelerator 加速器 #4（群組 5 日分 91，個股強度 +0.326）,,,,,9.0,92.7,晶圓代工/IDM,A1 GPU / Accelerator 加速器,4.0,0.3257,,,,,,,2,③④⑤⑥,127.39,59.5,0.64,0.894,2:49,—,20.14,11134.5,268,True,59.2,E 延伸,HH/HL,AI_R13+SubSector_R12+Combined_R22
SMCI,,2,chat3 SubSector R12 ｜ chat3 AI Sector R13,#10 AI資料中心建設（5 日分 92，斜率 +0.00） ｜ E1 Server ODM/OEM 伺服器整合 #1（群組 5 日分 100，個股強度 +0.277）,,,,,10.0,91.8,AI資料中心建設,E1 Server ODM/OEM 伺服器整合,1.0,0.2769,,,,,,,2,③④⑤⑥,41.51,53.8,0.05,0.301,10:51,已中斷,7.02,1466.3,268,True,57.1,C 基底修復,HH/HL,AI_R13+SubSector_R12+Combined_R22
POET,,2,chat3 SubSector R12 ｜ chat3 AI Sector R13,#22 光通訊/CPO（5 日分 81，斜率 +0.30） ｜ D2 矽光 / 光子 Silicon Photonics #10（群組 5 日分 72，個股強度 +0.007）,,,,,22.0,80.9,光通訊/CPO,D2 矽光 / 光子 Silicon Photonics,10.0,0.007,,,,,,,2,①③④⑤,7.75,49.2,0.81,-0.038,12:02,已中斷,-5.18,65.4,268,True,34.2,D 趨勢弱,HH/HL,AI_R13+SubSector_R12
ASTS,,2,chat3 SubSector R12 ｜ chat3 加息 R2,#7 太空與衛星（5 日分 95，斜率 +0.62） ｜ 加息／地緣政治 3 日清單：受惠,,,,,7.0,94.5,太空與衛星,,,,,,,,受惠,,2,①③④⑤,61.06,48.3,0.19,-0.482,12:02,—,-3.04,599.7,268,True,24.6,D 趨勢弱,HH/HL,SubSector_R12+RateHike_R2_受惠
CRDO,,2,chat3 SubSector R12 ｜ chat3 AI Sector R13,#22 光通訊/CPO（5 日分 81，斜率 +0.30） ｜ D3 高速互連 / SerDes / AEC #2（群組 5 日分 97，個股強度 +0.352）,,,,,22.0,80.9,光通訊/CPO,D3 高速互連 / SerDes / AEC,2.0,0.3521,,,,,,,2,①③④⑤,195.97,46.0,1.3,-1.687,11:32,已中斷,3.2,1650.5,268,True,33.6,D 趨勢弱,LH/LL,AI_R13+SubSector_R12+Combined_R22
GSAT,Globalstar Inc. Common Stock,1,chat2 Combined R22,Pre-breakout A（線上 1/3）,,—/—/A,65.7,17.1,,,,,,,,,,,,⚠ 被收購，價格封頂,2,①②④⑤,82.46,97.8,-0.01,-0.038,12:36,已中斷,0.28,49.1,268,True,87.6,A 待突破,HH/HL,Combined_R22
PLD,,1,chat3 SubSector R12,#11 工業與物流REIT（5 日分 91，斜率 +0.10）,,,,,11.0,90.9,工業與物流REIT,,,,,,,,,,2,①④⑤⑥,133.82,93.4,0.38,-0.181,4:01,已中斷,-3.11,448.6,268,True,34.1,C 基底修復,LH/LL,SubSector_R12
WST,West Pharmaceutical Services Inc. Common,1,chat2 Combined R22,Pre-breakout A（線上 1/3）,,—/—/A,87.3,26.3,,,,,,,,,,,,,2,②④⑤⑥,373.6,89.6,-0.39,0.997,1:14,已中斷,5.23,215.6,268,True,67.3,B 上升結構,HH/HL,Combined_R22
BLFS,BioLife Solutions,1,chat2 Combined R22,VCP A、Pre-breakout A（線上 3/3）,,A/2B/A,90.7,27.6,,,,,,,,,,,,,2,②④⑤⑥,38.58,85.8,-0.06,0.112,10:23,已中斷,5.72,33.9,268,True,86.9,A 待突破,HH/HL,Combined_R22
A,,1,chat3 SubSector R12,#1 診斷與生命科學工具（5 日分 100，斜率 +0.24）,,,,,1.0,100.0,診斷與生命科學工具,,,,,,,,,,2,②④⑤⑥,172.84,85.6,-1.19,0.771,11:46,已中斷,10.4,404.4,268,True,62.0,E 延伸,HH/HL,SubSector_R12
BFH,Bread Financial Holdings Inc. Common Sto,1,chat2 Combined R22,Pre-breakout A（線上 1/3）,,—/—/A,85.5,29.4,,,,,,,,,,,,,2,①④⑤⑥,101.56,80.2,0.02,-0.388,4:31,已中斷,-4.92,63.4,268,True,51.8,C 基底修復,LH/LL,Combined_R22
AVGO,,1,chat3 SubSector R12,#14 AI加速晶片/GPU（5 日分 88，斜率 +0.49）,,,,,14.0,88.2,AI加速晶片/GPU,,,,,,,,,,2,①④⑤⑥,350.36,79.9,0.17,-1.532,11:36,已中斷,-3.62,9916.3,268,True,20.5,D 趨勢弱,LH/LL,AI_R13+SubSector_R12+Combined_R22
ISRG,,1,chat3 AI Sector R13,G4 機器人 / 物理 AI Physical AI #9（群組 5 日分 75，個股強度 +0.434）,,,,,,,,G4 機器人 / 物理 AI Physical AI,9.0,0.4345,,,,,,,2,①④⑤⑥,399.52,78.7,0.36,-0.515,2:41,已中斷,5.03,895.5,268,True,27.6,D 趨勢弱,LH/LL,AI_R13+SubSector_R12+Combined_R22
CNC,Centene Corporation Common Stock,1,chat2 Combined R22,Pre-breakout A（線上 1/3）,,—/—/A,76.1,30.0,,,,,,,,,,,,,2,①④⑤⑥,61.92,78.4,0.4,-0.142,5:13,已中斷,-5.79,317.0,268,True,57.7,C 基底修復,HH/HL,SubSector_R12+Combined_R22
ETN,,1,chat3 加息 R2,加息／地緣政治 3 日清單：受惠,,,,,,,,,,,,,,,受惠,,2,①④⑤⑥,440.0,77.3,0.44,-0.924,1:13,已中斷,5.14,860.4,268,True,55.3,B 上升結構,HH/HL,AI_R13+SubSector_R12+Combined_R22+RateHike_R2_受惠
NTAP,,1,chat3 AI Sector R13,C4 儲存系統 Storage Systems #3（群組 5 日分 94，個股強度 +0.348）,,,,,,,,C4 儲存系統 Storage Systems,3.0,0.3484,,,,,,,2,②③④⑤,197.24,74.2,-0.48,0.0,11:33,已中斷,2.76,491.0,268,True,72.9,A 待突破,LH/LL,AI_R13
JBL,,1,chat3 SubSector R12,#3 電子硬件與EMS/連接器（5 日分 98，斜率 +0.04）,,,,,3.0,98.2,電子硬件與EMS/連接器,,,,,,,,,,2,①③④⑤,310.69,73.3,0.22,-2.596,12:50,已中斷,-0.74,336.6,268,True,42.9,C 基底修復,HH/HL,SubSector_R12+Combined_R22
QCOM,,1,chat3 AI Sector R13,"A4 運算 IP / SoC / Edge 裝置 Compute IP, SoC & Edge #6（群組 5 日分 84，個股強度 +0.246）",,,,,,,,"A4 運算 IP / SoC / Edge 裝置 Compute IP, SoC & Edge",6.0,0.2459,,,,,,,2,③④⑤⑥,194.26,72.4,0.29,0.692,2:49,—,9.71,2588.4,268,True,42.7,E 延伸,HH/HL,AI_R13+Combined_R22
GEV,,1,chat3 加息 R2,加息／地緣政治 3 日清單：受惠,,,,,,,,,,,,,,,受惠,,2,①③④⑤,955.04,71.8,0.69,-2.156,11:51,已中斷,0.86,2093.2,268,True,41.5,C 基底修復,LH/LL,AI_R13+SubSector_R12+Combined_R22+RateHike_R2_受惠
MGNI,Magnite Inc.,1,chat1 動能回調 R21,總表 #16（動能 2月/3月/6月，爆發潛力 71.4）,,,,,,,,,,,16.0,2月/3月/6月,71.4,,,,2,①③④⑤,24.07,70.7,0.58,-0.01,3:50,已中斷,-1.0,57.5,268,True,75.9,A 待突破,HH/HL,MP_R21
AU,,1,chat3 SubSector R12,#28 黃金與貴金屬礦（5 日分 75，斜率 +0.24）,,,,,28.0,75.5,黃金與貴金屬礦,,,,,,,,,,2,①③⑤⑥,98.49,70.3,0.74,-0.006,8:49,已中斷,-10.36,268.5,268,True,37.3,D 趨勢弱,LH/LL,SubSector_R12
CLMT,Calumet Inc.,1,chat1 動能回調 R21,總表 #3（動能 1月/2月/3月/6月，爆發潛力 83.1）,,,,,,,,,,,3.0,1月/2月/3月/6月,83.1,,,,2,②③④⑤,53.85,70.1,-0.17,0.268,4:39,—,1.12,80.3,268,True,60.2,B 上升結構,HH/HL,MP_R21
NEO,NeoGenomics Inc.,1,chat1 動能回調 R21,總表 #5（動能 1月/2月/3月/6月，爆發潛力 82.3）,,,,,,,,,,,5.0,1月/2月/3月/6月,82.3,,,,2,②③⑤⑥,19.56,69.8,-0.08,0.095,9:28,已中斷,7.54,39.8,268,True,63.9,E 延伸,HH/HL,Combined_R22+MP_R21
WTTR,Select Water Solutions Inc. Class A comm,1,chat2 Combined R22,Pre-breakout A（線上 1/3）,,—/—/A,70.8,19.2,,,,,,,,,,,,,2,①③④⑤,19.53,68.9,0.26,-0.064,4:20,—,-3.18,32.1,268,True,53.9,C 基底修復,LH/LL,Combined_R22
SYM,,1,chat3 AI Sector R13,G4 機器人 / 物理 AI Physical AI #9（群組 5 日分 75，個股強度 +0.488）,,,,,,,,G4 機器人 / 物理 AI Physical AI,9.0,0.4882,,,,,,,2,③④⑤⑥,44.04,67.6,0.97,0.055,2:49,—,4.53,74.6,268,True,16.0,D 趨勢弱,HH/HL,AI_R13+SubSector_R12
ZS,,1,chat3 SubSector R12,#5 網絡安全（5 日分 96，斜率 +0.18）,,,,,5.0,96.4,網絡安全,,,,,,,,,,2,③④⑤⑥,214.64,67.2,0.62,0.907,12:17,已中斷,14.6,696.0,268,True,40.0,E 延伸,LH/LL,SubSector_R12+Combined_R22
GFS,,1,chat3 SubSector R12,#9 晶圓代工/IDM（5 日分 93，斜率 +0.44）,,,,,9.0,92.7,晶圓代工/IDM,,,,,,,,,,2,①③④⑤,47.05,66.2,0.73,-0.237,2:49,—,0.54,186.7,268,True,21.9,D 趨勢弱,HH/HL,AI_R13+SubSector_R12
CLF,,1,chat3 SubSector R12,#6 鋼鐵（5 日分 95，斜率 +0.23）,,,,,6.0,95.5,鋼鐵,,,,,,,,,,2,②③④⑤,12.5,66.1,-0.39,0.011,11:29,已中斷,4.38,158.6,268,True,58.0,C 基底修復,HH/HL,SubSector_R12
HPQ,HP Inc.,1,chat1 動能回調 R21,總表 #7（動能 1月/2月/3月/6月，爆發潛力 80.1）,,,,,,,,,,,7.0,1月/2月/3月/6月,80.1,,,,2,②③④⑤,31.14,66.1,-0.64,0.06,4:45,—,-1.67,585.9,268,True,58.1,B 上升結構,LH/LL,MP_R21
S,,1,chat3 SubSector R12,#5 網絡安全（5 日分 96，斜率 +0.18）,,,,,5.0,96.4,網絡安全,,,,,,,,,,2,③④⑤⑥,23.98,65.4,0.77,0.044,12:37,已中斷,9.01,217.9,268,True,57.7,E 延伸,LH/LL,SubSector_R12
CRSP,,1,chat3 SubSector R12,#32 基因治療與基因編輯（5 日分 72，斜率 +0.64）,,,,,32.0,71.8,基因治療與基因編輯,,,,,,,,,,2,②③④⑤,55.7,64.9,-0.23,0.006,11:09,已中斷,-1.43,90.5,268,True,35.1,C 基底修復,LH/LL,SubSector_R12
NET,"Cloudflare, Inc.",1,chat2 Combined R22,VCP B、Weinstein 2A（線上 2/3）,,B/2A/—,91.1,37.8,,,,,,,,,,,,🔥 資安／邊緣防護受惠,2,③④⑤⑥,358.82,64.4,0.29,1.474,2:41,已中斷,13.38,1034.4,268,True,61.1,E 延伸,HH/HL,AI_R13+Combined_R22
QUBT,,1,chat3 SubSector R12,#15 量子運算（5 日分 87，斜率 +0.38）,,,,,15.0,87.3,量子運算,,,,,,,,,,2,③④⑤⑥,9.16,64.2,0.15,0.01,12:02,已中斷,7.08,59.1,268,True,26.8,D 趨勢弱,LH/LL,SubSector_R12
GOLD,,1,chat3 SubSector R12,#28 黃金與貴金屬礦（5 日分 75，斜率 +0.24）,,,,,28.0,75.5,黃金與貴金屬礦,,,,,,,,,,2,①③④⑤,43.48,64.2,1.06,-0.014,5:32,已中斷,-3.73,35.2,268,True,19.0,D 趨勢弱,HH/HL,SubSector_R12
FLEX,,1,chat3 SubSector R12,#3 電子硬件與EMS/連接器（5 日分 98，斜率 +0.04）,,,,,3.0,98.2,電子硬件與EMS/連接器,,,,,,,,,,2,①③④⑤,112.4,63.9,0.12,-0.545,2:49,已中斷,0.3,366.9,268,True,61.1,D 趨勢弱,HH/HL,SubSector_R12
MDB,,1,chat3 SubSector R12,#4 資料/分析平台（5 日分 97，斜率 +0.29）,,,,,4.0,97.3,資料/分析平台,,,,,,,,,,2,①③④⑤,421.4,63.0,0.34,-0.469,10:03,已中斷,3.78,810.3,268,True,72.7,B 上升結構,LH/LL,AI_R13+SubSector_R12+Combined_R22
MOD,,1,chat3 SubSector R12,#10 AI資料中心建設（5 日分 92，斜率 +0.00）,,,,,10.0,91.8,AI資料中心建設,,,,,,,,,,2,①③④⑤,196.95,60.5,0.45,-0.35,2:49,—,3.04,226.8,268,True,28.7,D 趨勢弱,HH/HL,AI_R13+SubSector_R12+Combined_R22
VRT,,1,chat3 SubSector R12,#10 AI資料中心建設（5 日分 92，斜率 +0.00）,,,,,10.0,91.8,AI資料中心建設,,,,,,,,,,2,①③④⑤,245.3,58.9,0.87,-1.281,10:32,已中斷,-5.44,1365.8,268,True,28.1,D 趨勢弱,LH/LL,AI_R13+SubSector_R12+Combined_R22
PL,,1,chat3 SubSector R12,#7 太空與衛星（5 日分 95，斜率 +0.62）,,,,,7.0,94.5,太空與衛星,,,,,,,,,,2,①③④⑤,17.62,58.5,0.91,-0.18,11:30,已中斷,-5.49,219.6,268,True,9.6,D 趨勢弱,HH/HL,SubSector_R12
AVAV,,1,chat3 SubSector R12,#13 國防科技與無人機（5 日分 89，斜率 +0.12）,,,,,13.0,89.1,國防科技與無人機,,,,,,,,,,2,①③④⑤,158.55,58.3,2.93,-0.676,2:49,—,2.79,345.1,268,True,7.5,D 趨勢弱,LH/LL,SubSector_R12
BEAM,,1,chat3 SubSector R12,#32 基因治療與基因編輯（5 日分 72，斜率 +0.64）,,,,,32.0,71.8,基因治療與基因編輯,,,,,,,,,,2,①③⑤⑥,24.66,56.7,0.19,-0.105,8:49,第 7 根,-8.44,50.9,268,True,1.7,D 趨勢弱,HH/HL,SubSector_R12
MRVL,,1,chat3 SubSector R12,#14 AI加速晶片/GPU（5 日分 88，斜率 +0.49）,,,,,14.0,88.2,AI加速晶片/GPU,,,,,,,,,,2,③④⑤⑥,258.95,55.4,0.68,0.942,12:07,已中斷,10.37,4967.6,268,True,71.4,C 基底修復,HH/HL,AI_R13+SubSector_R12+Combined_R22
ONDS,,1,chat3 SubSector R12,#13 國防科技與無人機（5 日分 89，斜率 +0.12）,,,,,13.0,89.1,國防科技與無人機,,,,,,,,,,2,①③④⑤,7.6,53.9,0.25,-0.107,11:19,—,-5.1,490.9,268,True,22.2,D 趨勢弱,LH/LL,SubSector_R12
RGTI,,1,chat3 SubSector R12,#15 量子運算（5 日分 87，斜率 +0.38）,,,,,15.0,87.3,量子運算,,,,,,,,,,2,①③④⑤,16.5,53.8,0.71,-0.069,11:58,已中斷,1.18,261.7,268,True,34.2,D 趨勢弱,LH/LL,SubSector_R12
IONQ,,1,chat3 SubSector R12,#15 量子運算（5 日分 87，斜率 +0.38）,⚠ 加息清單「迴避」,,,,15.0,87.3,量子運算,,,,,,,,,,2,③④⑤⑥,44.98,53.4,0.06,0.075,11:18,已中斷,8.43,937.3,268,True,41.2,D 趨勢弱,LH/LL,SubSector_R12+RateHike_R2_迴避
ANGX,Angel Studios Inc. Class A,1,chat1 動能回調 R21,總表 #22（動能 3月，爆發潛力 62.6）,,,,,,,,,,,22.0,3月,62.6,,,,2,②③④⑤,4.86,51.8,-0.2,0.04,4:12,—,-0.54,10.1,261,True,48.3,D 趨勢弱,HH/HL,MP_R21
RDW,,1,chat3 SubSector R12,#7 太空與衛星（5 日分 95，斜率 +0.62）,,,,,7.0,94.5,太空與衛星,,,,,,,,,,2,①③④⑤,11.6,51.0,0.6,-0.085,10:30,已中斷,0.66,136.4,268,True,56.9,D 趨勢弱,HH/HL,SubSector_R12+Combined_R22
CIEN,,1,chat3 SubSector R12,#10 AI資料中心建設（5 日分 92，斜率 +0.00）,,,,,10.0,91.8,AI資料中心建設,,,,,,,,,,2,①③④⑤,358.43,50.9,0.9,-3.444,1:48,已中斷,-1.76,966.1,268,True,22.5,D 趨勢弱,HH/HL,AI_R13+SubSector_R12+Combined_R22
LUNR,,1,chat3 SubSector R12,#7 太空與衛星（5 日分 95，斜率 +0.62）,,,,,7.0,94.5,太空與衛星,,,,,,,,,,2,①③④⑤,15.7,50.1,0.54,-0.049,10:14,已中斷,-4.86,103.4,268,True,39.7,D 趨勢弱,LH/LL,SubSector_R12
QBTS,,1,chat3 SubSector R12,#15 量子運算（5 日分 87，斜率 +0.38）,,,,,15.0,87.3,量子運算,,,,,,,,,,2,①③④⑤,17.48,49.7,0.94,-0.105,11:07,已中斷,-2.57,279.6,268,True,11.9,D 趨勢弱,LH/LL,SubSector_R12
RCAT,,1,chat3 SubSector R12,#13 國防科技與無人機（5 日分 89，斜率 +0.12）,,,,,13.0,89.1,國防科技與無人機,,,,,,,,,,2,①③⑤⑥,6.8,46.6,1.19,-0.137,8:49,第 4 根,-23.63,65.2,268,True,0.0,D 趨勢弱,LH/LL,SubSector_R12
ALAB,,1,chat3 AI Sector R13,D3 高速互連 / SerDes / AEC #2（群組 5 日分 97，個股強度 +0.226）,,,,,,,,D3 高速互連 / SerDes / AEC,2.0,0.2264,,,,,,,2,③④⑤⑥,360.51,46.5,0.48,0.794,2:49,已中斷,16.47,1215.4,268,True,45.7,E 延伸,HH/HL,AI_R13+Combined_R22
SMTC,,1,chat3 AI Sector R13,D3 高速互連 / SerDes / AEC #2（群組 5 日分 97，個股強度 +0.511）,,,,,,,,D3 高速互連 / SerDes / AEC,2.0,0.5112,,,,,,,2,③④⑤⑥,174.5,46.3,0.69,0.759,2:49,—,13.94,535.2,268,True,61.6,E 延伸,HH/HL,AI_R13+MP_R21_差一項
COHR,,1,chat3 SubSector R12,#22 光通訊/CPO（5 日分 81，斜率 +0.30）,,,,,22.0,80.9,光通訊/CPO,,,,,,,,,,2,①③④⑤,290.61,43.9,0.04,-3.261,2:49,已中斷,-3.27,1830.5,268,True,45.5,D 趨勢弱,HH/HL,AI_R13+SubSector_R12+Combined_R22
PANW,"Palo Alto Networks, Inc.",3,chat2 Combined R22 ｜ chat3 SubSector R12 ｜ chat3 AI Sector R13,VCP B（線上 2/3） ｜ #5 網絡安全（5 日分 96，斜率 +0.18） ｜ D8 安全 / 防火牆 Security / Firewall #7（群組 5 日分 81，個股強度 +0.220）,,B/2B/—,87.4,30.7,5.0,96.4,網絡安全,D8 安全 / 防火牆 Security / Firewall,7.0,0.2198,,,,,,🔥 資安板塊全線急升，+13.1%,1,①③④⑤⑥,389.92,65.9,0.8,-0.037,12:28,已中斷,7.48,2609.7,268,True,63.5,E 延伸,HH/HL,AI_R13+SubSector_R12+Combined_R22
CDNS,,2,chat3 SubSector R12 ｜ chat3 加息 R2,#23 EDA與半導體IP（5 日分 80，斜率 +0.28） ｜ 加息／地緣政治 3 日清單：受惠,,,,,23.0,80.0,EDA與半導體IP,,,,,,,,受惠,,1,①②④⑤⑥,322.0,78.4,-0.38,-0.204,11:26,已中斷,4.99,799.4,268,True,26.3,C 基底修復,LH/LL,AI_R13+SubSector_R12+Combined_R22+RateHike_R2_受惠
ANET,"Arista Networks, Inc.",2,chat2 Combined R22 ｜ chat3 SubSector R12,VCP A、Weinstein 2A（線上 2/3） ｜ #10 AI資料中心建設（5 日分 92，斜率 +0.00）,,A/2A/—,82.9,34.4,10.0,91.8,AI資料中心建設,,,,,,,,,,1,①③④⑤⑥,205.7,71.9,0.38,-0.606,12:42,已中斷,4.81,941.1,268,True,75.2,B 上升結構,HH/HL,AI_R13+SubSector_R12+Combined_R22
HPE,Hewlett Packard Enterprise Company,2,chat2 Combined R22 ｜ chat3 AI Sector R13,VCP B（線上 2/3） ｜ E1 Server ODM/OEM 伺服器整合 #1（群組 5 日分 100，個股強度 +0.423）,,B/2B/—,71.7,36.4,,,,E1 Server ODM/OEM 伺服器整合,1.0,0.4232,,,,,,⚠ AI 伺服器回吐上週升幅,1,②③④⑤⑥,63.52,59.2,-0.29,0.169,1:08,已中斷,11.86,1588.1,268,True,65.0,E 延伸,HH/HL,AI_R13+Combined_R22
ARM,,2,chat3 SubSector R12 ｜ chat3 AI Sector R13,"#23 EDA與半導體IP（5 日分 80，斜率 +0.28） ｜ A4 運算 IP / SoC / Edge 裝置 Compute IP, SoC & Edge #6（群組 5 日分 84，個股強度 +0.293）",,,,,23.0,80.0,EDA與半導體IP,"A4 運算 IP / SoC / Edge 裝置 Compute IP, SoC & Edge",6.0,0.2926,,,,,,,1,②③④⑤⑥,306.34,51.6,-3.4,2.817,2:49,已中斷,11.55,1441.6,268,True,50.0,E 延伸,HH/HL,AI_R13+SubSector_R12+Combined_R22
GL,Globe Life,1,chat2 Combined R22,Weinstein 2A（線上 1/3）,,C/2A/—,73.3,18.3,,,,,,,,,,,,,1,①②④⑤⑥,167.32,90.9,-0.03,-0.497,3:47,已中斷,-3.65,69.6,268,True,51.9,C 基底修復,LH/LL,Combined_R22
VOYA,Voya Financial Inc. Common Stock,1,chat2 Combined R22,Pre-breakout A（線上 1/3）,,—/—/A,84.9,29.3,,,,,,,,,,,,,1,①②④⑤⑥,96.09,90.1,-0.18,-0.051,5:40,已中斷,-5.01,123.4,268,True,51.3,C 基底修復,LH/LL,Combined_R22
TEL,,1,chat3 SubSector R12,#3 電子硬件與EMS/連接器（5 日分 98，斜率 +0.04）,,,,,3.0,98.2,電子硬件與EMS/連接器,,,,,,,,,,1,①②④⑤⑥,213.67,84.7,-0.16,-0.101,11:47,已中斷,3.41,413.5,268,True,35.7,D 趨勢弱,LH/LL,AI_R13+SubSector_R12
ILMN,,1,chat3 SubSector R12,#1 診斷與生命科學工具（5 日分 100，斜率 +0.24）,,,,,1.0,100.0,診斷與生命科學工具,,,,,,,,,,1,②③④⑤⑥,273.9,72.6,-1.29,1.975,12:52,已中斷,16.32,888.3,268,True,65.0,E 延伸,HH/HL,SubSector_R12
KNSA,Kiniksa Pharmaceuticals International pl,1,chat2 Combined R22,Pre-breakout A（線上 1/3）,,—/—/A,77.2,25.7,,,,,,,,,,,,⚠ 9/16 +3.3%,1,①②③⑤⑥,75.34,72.3,-0.06,-0.077,8:49,已中斷,-3.78,42.0,268,True,59.8,C 基底修復,LH/LL,Combined_R22
FLR,Fluor,1,chat2 Combined R22,VCP B、Weinstein 2A（線上 2/3）,,B/2A/—,80.6,26.5,,,,,,,,,,,,,1,①②③⑤⑥,50.63,70.8,-1.48,-0.061,8:49,已中斷,-6.57,125.8,268,True,49.2,C 基底修復,LH/LL,SubSector_R12+Combined_R22
UMC,,1,chat3 SubSector R12,#9 晶圓代工/IDM（5 日分 93，斜率 +0.44）,,,,,9.0,92.7,晶圓代工/IDM,,,,,,,,,,1,②③④⑤⑥,24.1,65.7,-0.32,0.11,2:49,—,11.67,270.7,268,True,56.6,E 延伸,HH/HL,SubSector_R12
KTOS,,1,chat3 SubSector R12,#13 國防科技與無人機（5 日分 89，斜率 +0.12）,,,,,13.0,89.1,國防科技與無人機,,,,,,,,,,1,①③④⑤⑥,47.02,63.4,0.81,-0.613,11:05,已中斷,-9.67,176.4,268,True,4.3,D 趨勢弱,LH/LL,SubSector_R12
KGC,,1,chat3 SubSector R12,#28 黃金與貴金屬礦（5 日分 75，斜率 +0.24）,,,,,28.0,75.5,黃金與貴金屬礦,,,,,,,,,,1,①②③⑤⑥,24.42,63.2,-8.41,-0.328,8:49,已中斷,-21.32,225.3,268,True,0.0,D 趨勢弱,LH/LL,SubSector_R12
DDOG,,1,chat3 SubSector R12,#4 資料/分析平台（5 日分 97，斜率 +0.29）,,,,,4.0,97.3,資料/分析平台,,,,,,,,,,1,①③④⑤⑥,256.92,63.0,0.8,-0.046,1:42,已中斷,9.56,833.9,268,True,67.2,E 延伸,HH/HL,SubSector_R12+Combined_R22
RMBS,,1,chat3 AI Sector R13,C3 記憶體介面/控制晶片 Memory Interface #5（群組 5 日分 88，個股強度 +0.194）,,,,,,,,C3 記憶體介面/控制晶片 Memory Interface,5.0,0.194,,,,,,,1,②③④⑤⑥,104.55,61.7,-0.15,0.042,2:49,已中斷,13.24,249.9,268,True,17.0,E 延伸,LH/LL,AI_R13
PVLA,Palvella Therapeutics Inc. Common Stock,1,chat2 Combined R22,Pre-breakout A（線上 1/3）,,—/—/A,68.9,31.8,,,,,,,,,,,,,1,①②③④⑤,146.07,61.0,-0.48,-0.266,3:51,已中斷,-3.45,32.5,268,True,58.2,C 基底修復,HH/HL,Combined_R22
NTLA,,1,chat3 SubSector R12,#32 基因治療與基因編輯（5 日分 72，斜率 +0.64）,,,,,32.0,71.8,基因治療與基因編輯,,,,,,,,,,1,①②③④⑤,12.16,60.5,-0.42,-0.012,10:13,已中斷,-1.93,48.4,268,True,20.0,D 趨勢弱,LH/LL,SubSector_R12
TSEM,,1,chat3 AI Sector R13,D2 矽光 / 光子 Silicon Photonics #10（群組 5 日分 72，個股強度 +0.440）,,,,,,,,D2 矽光 / 光子 Silicon Photonics,10.0,0.4397,,,,,,,1,①②③④⑤,217.28,49.9,-1.56,-1.71,1:39,已中斷,-2.0,409.0,268,True,45.9,D 趨勢弱,LH/LL,AI_R13
LWLG,,1,chat3 AI Sector R13,D2 矽光 / 光子 Silicon Photonics #10（群組 5 日分 72，個股強度 +0.062）,,,,,,,,D2 矽光 / 光子 Silicon Photonics,10.0,0.0621,,,,,,,1,①③④⑤⑥,5.28,45.0,0.7,-0.117,12:00,已中斷,-8.28,13.4,268,True,20.1,D 趨勢弱,LH/LL,AI_R13
IRD,Opus Genetics Inc.,1,chat1 動能回調 R21,總表 #9（動能 1月/2月/3月，爆發潛力 77.1）,,,,,,,,,,,9.0,1月/2月/3月,77.1,,,,1,①③④⑤⑥,4.87,38.5,0.74,-0.004,4:36,—,-12.58,28.4,268,True,43.6,E 延伸,HH/HL,MP_R21
AAOI,,1,chat3 SubSector R12,#22 光通訊/CPO（5 日分 81，斜率 +0.30）,,,,,22.0,80.9,光通訊/CPO,,,,,,,,,,1,①③④⑤⑥,101.03,36.2,0.49,-1.372,12:22,已中斷,-15.61,691.5,268,True,34.3,D 趨勢弱,LH/LL,SubSector_R12+Combined_R22
RKLB,,2,chat3 SubSector R12 ｜ chat3 加息 R2,#7 太空與衛星（5 日分 95，斜率 +0.62） ｜ 加息／地緣政治 3 日清單：受惠,,,,,7.0,94.5,太空與衛星,,,,,,,,受惠,,0,①②③④⑤⑥,73.61,58.1,-0.12,-0.183,12:02,—,6.94,1300.4,268,True,24.1,D 趨勢弱,LH/LL,SubSector_R12+RateHike_R2_受惠
