ticker,lists,score,c2,c3,volidx,close_0921,close_0923,chg_0921_0923_pct,c1_0923,c4_0923,c5_0923,c6_0923,clock_0923,dist_grav_pct,four_0923,c5_days_0923,still_light_0923
HTO,SubSector_R12+Combined_R22,6,True,True,92.5,62.61,62.2,-0.65,False,True,False,True,8:49,-1.64,False,2.0,False
MCK,SubSector_R12,6,True,True,86.5,886.47,880.5,-0.67,False,True,False,True,8:49,-0.41,False,2.0,False
ROKU,SubSector_R12,6,True,True,95.8,154.33,153.49,-0.54,True,True,True,True,8:49,-1.58,True,2.0,True
V,SubSector_R12+Combined_R22,6,True,True,94.0,369.95,361.52,-2.28,False,True,False,True,8:49,-2.47,False,2.0,False
EL,SubSector_R12,6,True,True,78.8,96.34,98.83,2.58,True,True,True,True,8:49,1.0,True,2.0,True
NE,SubSector_R12,6,True,True,77.0,44.2,44.62,0.95,True,True,True,True,8:49,-1.96,True,2.0,True
DFIN,10MA_R20,6,True,True,79.8,48.41,48.61,0.41,True,True,True,True,7:22,0.39,True,2.0,True
CLDT,Combined_R22,6,True,True,87.9,13.14,13.08,-0.46,True,False,False,True,10:09,-0.1,False,3.0,False
CME,SubSector_R12+Combined_R22,6,True,True,90.8,275.53,270.8,-1.72,True,True,True,True,8:49,-1.75,True,0.0,True
ICE,SubSector_R12+Combined_R22,6,True,True,90.5,155.37,156.35,0.63,True,True,True,True,8:49,-1.02,True,0.0,True
TRGP,Combined_R22,6,True,True,86.1,289.36,283.01,-2.19,True,True,False,True,8:49,-2.71,False,3.0,False
IBKR,Combined_R22,6,True,True,79.0,93.21,91.56,-1.77,True,False,False,True,10:05,-0.47,False,4.0,False
NEM,SubSector_R12+Combined_R22,6,True,True,78.0,123.05,123.55,0.41,True,True,False,True,8:49,-1.66,False,4.0,True
PK,Combined_R22,6,True,True,87.5,15.15,15.07,-0.53,True,True,False,True,8:49,-1.86,False,4.0,True
REGN,SubSector_R12+Combined_R22,6,True,True,87.3,798.17,801.82,0.46,True,True,False,True,8:49,-0.68,False,4.0,True
RGLD,SubSector_R12,6,True,True,82.3,250.11,252.78,1.07,True,True,False,True,8:49,0.23,False,4.0,True
RPRX,Combined_R22,6,True,True,88.4,58.44,57.65,-1.35,False,True,False,False,8:49,-4.24,False,4.0,False
TECK,SubSector_R12,6,True,True,77.3,66.76,66.8,0.06,False,True,False,True,8:49,-1.29,False,4.0,True
TGT,Combined_R22,6,True,True,86.3,157.71,156.26,-0.92,True,True,False,True,8:49,-1.97,False,4.0,False
PFE,SubSector_R12,6,True,True,92.8,27.74,28.18,1.59,True,True,False,True,8:49,1.24,False,4.0,True
BIIB,SubSector_R12,5,False,True,83.4,219.07,227.53,3.86,True,False,False,False,10:30,4.42,False,2.0,False
CCBG,Combined_R22,5,True,True,92.0,50.19,48.75,-2.87,False,True,False,False,8:49,-4.25,False,2.0,False
COR,SubSector_R12,5,True,True,88.2,316.49,312.28,-1.33,False,True,True,True,8:49,-2.46,False,2.0,True
DUOL,AI_R13+Combined_R22,5,True,False,62.7,149.42,145.98,-2.3,True,True,False,True,8:49,-0.22,False,2.0,False
GBTG,10MA_R20_跌出,5,False,True,99.8,9.46,9.46,0.0,True,True,True,True,8:49,-0.08,True,2.0,True
GPN,SubSector_R12,5,True,True,80.8,85.29,84.0,-1.51,False,True,True,False,8:49,-7.25,False,2.0,True
JAZZ,Combined_R22,5,True,True,86.9,241.46,234.88,-2.73,False,True,False,False,8:49,-5.35,False,2.0,False
KHC,SubSector_R12,5,True,True,85.2,24.37,23.79,-2.38,False,True,False,False,8:49,-4.57,False,2.0,False
LILA,10MA_R20_跌出,5,False,True,82.0,8.77,8.52,-2.85,False,True,False,True,8:49,-0.37,False,2.0,False
NMAX,10MA_R20_跌出,5,True,False,58.3,10.88,10.9,0.18,True,True,True,True,8:49,1.56,True,2.0,True
STT,Combined_R22,5,True,True,90.2,184.4,179.95,-2.41,False,True,False,False,8:49,-4.23,False,2.0,False
WELL,SubSector_R12,5,True,True,91.3,232.76,229.87,-1.24,True,True,True,True,8:49,-2.37,True,0.0,True
SR,SubSector_R12,5,True,True,91.4,79.76,77.39,-2.97,False,True,False,False,8:49,-5.37,False,2.0,False
NVR,SubSector_R12,5,True,True,88.8,6188.95,6241.61,0.85,False,True,False,True,9:46,-0.56,False,2.0,False
CCI,SubSector_R12,5,True,True,86.0,73.22,70.23,-4.08,False,True,False,False,8:49,-6.16,False,2.0,False
HSBC,Combined_R22,5,True,True,93.1,103.21,100.25,-2.87,False,True,False,False,8:00,-3.22,False,2.0,False
C,SubSector_R12,5,True,True,86.8,135.05,131.93,-2.31,False,False,False,True,5:33,-2.01,False,2.0,False
DRI,SubSector_R12,5,True,True,86.9,211.31,213.69,1.13,False,True,False,True,8:49,-1.12,False,3.0,True
JPM,SubSector_R12+Combined_R22,5,True,True,93.2,352.04,337.53,-4.12,False,True,False,False,8:49,-4.74,False,3.0,False
WT,Combined_R22,5,True,False,73.8,23.72,23.72,0.0,True,True,False,True,8:49,0.86,False,3.0,True
GLNG,SubSector_R12,5,True,True,88.9,51.36,49.94,-2.76,False,True,False,False,8:44,-3.61,False,3.0,False
SPGI,SubSector_R12,5,True,True,85.3,404.47,406.5,0.5,False,True,False,False,8:09,-4.37,False,3.0,True
EPD,SubSector_R12,5,True,True,94.8,38.47,37.57,-2.34,False,True,False,True,7:27,-2.85,False,3.0,False
KMI,SubSector_R12,5,True,True,90.1,31.72,31.37,-1.1,False,False,False,True,11:00,-0.71,False,4.0,False
AEM,SubSector_R12,5,True,False,74.9,197.48,195.57,-0.97,True,True,False,True,8:49,-3.4,False,4.0,False
AMAL,Combined_R22,5,True,True,90.6,48.02,46.56,-3.04,False,True,False,False,8:49,-3.88,False,4.0,False
AMG,SubSector_R12,5,True,True,84.3,364.66,366.17,0.41,True,False,False,True,10:27,1.39,False,4.0,False
AMZN,AI_R13+SubSector_R12+Combined_R22,5,True,True,84.5,258.45,249.27,-3.55,False,True,False,False,8:49,-3.31,False,4.0,False
APO,SubSector_R12,5,True,True,83.2,127.91,124.36,-2.78,False,True,True,False,8:49,-6.09,False,0.0,True
BEN,SubSector_R12,5,True,True,89.7,33.64,32.71,-2.76,False,True,False,False,8:49,-3.22,False,4.0,False
CDE,SubSector_R12,5,True,False,60.9,19.52,19.32,-1.02,True,True,False,True,8:49,-4.99,False,4.0,False
EMR,SubSector_R12,5,True,True,87.5,151.72,154.59,1.89,False,True,False,True,9:47,0.47,False,4.0,False
FCX,SubSector_R12+Combined_R22,5,True,False,73.9,72.16,72.58,0.58,True,True,False,True,8:49,-0.94,False,4.0,True
KKR,SubSector_R12+Combined_R22,5,True,True,80.7,100.83,97.21,-3.59,False,True,False,False,8:49,-9.49,False,4.0,True
LNG,SubSector_R12,5,False,True,85.0,274.98,273.61,-0.5,True,True,False,True,8:49,-1.71,False,4.0,True
MSFT,AI_R13+SubSector_R12+Combined_R22,5,True,True,85.9,501.61,500.59,-0.2,False,True,False,True,8:49,0.97,False,4.0,True
NDAQ,SubSector_R12,5,True,True,88.8,94.69,95.44,0.79,True,True,False,True,9:35,0.1,False,4.0,False
PLD,SubSector_R12,5,True,True,93.1,135.82,133.96,-1.37,False,False,False,False,3:31,-3.13,False,4.0,False
PRU,SubSector_R12,5,True,True,91.8,118.53,117.59,-0.79,False,True,True,True,8:49,-2.14,False,0.0,True
GAP,Combined_R22,5,True,False,74.7,21.25,21.28,0.14,True,True,False,True,8:49,-0.72,False,4.0,True
GWW,Combined_R22,5,True,True,91.7,1277.79,1270.67,-0.56,False,True,False,True,8:49,-1.79,False,4.0,True
DAN,10MA_R20_跌出,5,True,True,79.3,29.99,29.7,-0.97,False,True,False,True,8:34,-2.61,False,1.0,False
ORCL,AI_R13+Combined_R22,5,True,False,66.2,148.56,144.56,-2.69,False,True,False,True,8:39,-3.87,False,4.0,False
NVDA,AI_R13+SubSector_R12+Combined_R22,5,True,True,82.2,227.38,225.51,-0.82,True,False,False,True,10:05,2.06,False,4.0,False
NTLA,SubSector_R12,5,True,False,61.4,12.22,12.33,0.9,True,True,False,True,9:48,-0.6,False,4.0,False
WMB,SubSector_R12,5,True,True,87.0,71.65,71.11,-0.75,False,True,True,True,6:46,-2.92,False,0.0,True
CHEF,SubSector_R12,5,True,True,79.7,110.7,108.89,-1.64,False,True,True,True,8:49,-2.17,False,0.0,True
DIS,SubSector_R12,5,True,True,89.3,104.23,103.46,-0.74,False,True,False,True,8:49,-2.74,False,5.0,False
MRK,SubSector_R12+Combined_R22,5,True,True,86.5,149.5,148.08,-0.95,True,True,False,True,8:49,0.66,False,5.0,True
NSIT,10MA_R20,5,True,True,76.0,156.7,158.25,0.99,True,True,True,True,8:49,1.72,True,0.0,True
THC,SubSector_R12,5,True,True,77.4,260.97,256.44,-1.74,False,True,False,False,8:49,-3.72,False,5.0,False
KDP,SubSector_R12,5,True,True,88.5,30.62,31.76,3.72,True,True,True,True,8:35,0.79,True,1.0,True
NDSN,SubSector_R12,5,True,True,90.8,314.35,321.42,2.25,True,True,False,True,8:49,1.06,False,6.0,True
JNJ,SubSector_R12+Combined_R22,5,True,True,91.3,269.47,269.17,-0.11,True,True,False,True,8:49,0.09,False,6.0,True
DHR,SubSector_R12+RateHike_R2_受惠,5,True,True,83.3,215.84,221.56,2.65,True,False,False,False,10:36,5.02,False,7.0,False
ITIC,10MA_R20,5,True,True,87.3,288.35,290.86,0.87,True,True,False,True,8:49,-1.34,False,1.0,False
LH,Combined_R22,5,True,True,89.2,320.99,303.98,-5.3,False,True,False,False,8:49,-6.33,False,7.0,False
MDT,SubSector_R12+10MA_R20,5,True,True,89.1,91.75,89.3,-2.67,False,True,False,False,8:49,-3.05,False,7.0,False
NWSA,SubSector_R12+10MA_R20,5,True,True,89.2,29.7,28.12,-5.32,False,True,False,False,8:49,-6.35,False,7.0,False
SPOT,Combined_R22,5,True,True,76.9,516.77,510.4,-1.23,True,True,True,True,8:49,-3.84,True,0.0,True
RNR,SubSector_R12+RateHike_R2_受惠,5,True,True,91.1,326.29,328.8,0.77,True,True,True,True,8:01,0.69,True,0.0,True
BLFS,Combined_R22,5,True,True,85.6,37.18,37.74,1.51,True,True,False,False,9:55,3.92,False,8.0,False
MA,SubSector_R12+Combined_R22,5,True,True,93.7,567.65,559.92,-1.36,False,True,True,True,8:49,-2.79,False,0.0,True
T,SubSector_R12+RateHike_R2_迴避,5,True,True,88.1,25.45,25.3,-0.59,True,True,True,True,8:49,-0.92,True,0.0,True
RGA,10MA_R20_跌出,5,True,True,92.5,245.13,246.75,0.66,True,True,True,True,8:49,-0.07,True,1.0,True
CTSH,SubSector_R12+10MA_R20,5,True,True,75.0,59.38,59.14,-0.4,True,True,True,True,7:44,-3.16,True,0.0,True
DV,10MA_R20,5,True,True,91.5,13.44,13.4,-0.3,True,True,False,True,8:49,-0.04,False,9.0,False
HRTG,10MA_R20,5,True,True,77.9,34.15,33.07,-3.16,True,True,False,False,8:49,-3.36,False,9.0,False
OFG,Combined_R22,5,True,True,93.5,52.24,51.56,-1.3,False,True,False,True,8:49,-1.72,False,9.0,False
NPK,10MA_R20,5,True,True,82.8,151.36,146.07,-3.49,True,True,False,True,8:49,-2.19,False,10.0,False
SMTI,10MA_R20,5,True,True,90.2,35.17,35.15,-0.06,True,True,False,True,8:49,1.55,False,12.0,True
ITGR,10MA_R20,5,True,True,92.4,126.38,126.32,-0.05,True,True,False,True,8:49,0.49,False,13.0,True
MKTX,10MA_R20,5,True,True,89.1,163.44,163.71,0.17,True,True,False,True,8:49,0.53,False,14.0,True
AMS,AI_R13,4,True,False,73.9,1.45,1.45,0.0,False,True,False,True,9:45,-3.27,False,2.0,False
AXP,SubSector_R12+Combined_R22,4,True,True,91.2,313.59,301.96,-3.71,False,True,False,False,8:49,-7.69,False,2.0,False
BAC,SubSector_R12+Combined_R22,4,True,True,91.1,57.96,56.0,-3.38,False,True,False,False,8:49,-9.14,False,2.0,False
CMCSA,SubSector_R12,4,True,True,81.4,22.93,22.55,-1.66,False,True,True,False,8:49,-11.23,False,2.0,True
CORT,Combined_R22,4,False,False,65.7,113.76,112.94,-0.72,True,True,False,True,8:49,-0.92,False,2.0,False
CWT,SubSector_R12,4,True,True,92.4,47.26,46.07,-2.52,False,True,False,False,8:49,-7.23,False,2.0,False
ECL,SubSector_R12,4,True,True,92.4,269.98,276.72,2.5,False,True,True,True,8:49,-0.89,False,2.0,True
GLPI,SubSector_R12,4,True,True,92.2,39.67,39.25,-1.06,False,True,False,False,8:49,-6.47,False,2.0,False
H,Combined_R22,4,True,True,85.1,156.95,157.28,0.21,False,True,True,False,8:49,-6.59,False,2.0,True
HII,Combined_R22,4,True,True,83.1,276.1,269.8,-2.28,False,True,True,False,8:49,-8.04,False,0.0,True
INFY,SubSector_R12,4,True,True,80.3,10.89,10.75,-1.29,False,True,True,False,8:49,-7.77,False,0.0,True
INGR,SubSector_R12,4,True,True,92.5,97.03,96.82,-0.22,False,True,True,False,8:49,-5.42,False,2.0,True
KMX,Combined_R22,4,True,True,83.0,57.86,57.46,-0.69,False,True,True,False,8:49,-4.27,False,0.0,True
LEN,SubSector_R12+RateHike_R2_迴避,4,True,True,80.8,78.08,81.52,4.41,False,True,False,True,9:28,-0.54,False,2.0,False
LILAK,10MA_R20_跌出,4,False,True,81.4,8.8,8.44,-4.09,False,True,False,True,8:49,-0.44,False,2.0,False
LVS,SubSector_R12,4,True,True,87.6,40.26,39.19,-2.66,False,True,True,False,8:49,-10.84,False,2.0,True
MLM,SubSector_R12,4,True,True,86.1,499.67,490.45,-1.85,False,False,False,False,10:27,-4.86,False,2.0,False
NKE,SubSector_R12+Combined_R22,4,True,True,85.2,36.1,36.05,-0.14,False,True,True,False,8:49,-5.93,False,2.0,True
NNE,AI_R13+SubSector_R12,4,True,False,49.1,17.1,17.01,-0.53,False,True,False,True,9:43,-5.28,False,2.0,False
O,SubSector_R12,4,True,True,94.2,56.65,55.61,-1.84,False,True,False,False,8:49,-7.93,False,2.0,False
RVMD,SubSector_R12+Combined_R22,4,True,True,77.0,192.76,190.74,-1.05,False,True,True,False,8:49,-7.49,False,2.0,True
TOST,SubSector_R12,4,True,True,77.1,29.8,29.81,0.03,False,True,True,False,8:49,-12.61,False,2.0,True
TTWO,SubSector_R12,4,True,True,79.6,209.92,206.32,-1.71,False,True,True,False,8:49,-8.12,False,0.0,True
UNF,Combined_R22,4,True,True,90.7,264.0,257.62,-2.42,False,True,False,False,8:49,-6.85,False,2.0,False
USB,SubSector_R12+RateHike_R2_迴避,4,True,True,92.2,60.44,58.48,-3.24,False,True,False,False,8:49,-6.03,False,2.0,False
VICI,SubSector_R12,4,True,True,92.8,24.05,23.7,-1.46,False,True,True,False,8:49,-7.0,False,2.0,True
VMC,SubSector_R12,4,True,True,86.3,246.2,244.4,-0.73,False,True,True,False,8:49,-6.54,False,2.0,True
WCN,SubSector_R12,4,True,True,92.9,155.55,155.41,-0.09,False,True,True,False,8:49,-4.64,False,2.0,True
XHLD,10MA_R20,4,True,False,12.3,10.46,12.08,15.49,True,True,True,False,8:49,28.39,False,2.0,True
HCC,SubSector_R12,4,True,False,70.9,88.47,90.24,2.0,False,True,True,False,8:49,-9.78,False,2.0,True
VTR,SubSector_R12,4,True,True,90.1,87.03,86.64,-0.45,False,True,True,False,8:49,-3.81,False,2.0,True
GS,SubSector_R12+Combined_R22+RateHike_R2_迴避,4,True,True,82.8,959.39,936.36,-2.4,False,True,True,False,8:49,-7.27,False,2.0,True
KIM,SubSector_R12,4,True,True,94.8,22.54,22.21,-1.46,False,True,False,False,8:49,-5.79,False,2.0,False
MP,SubSector_R12+RateHike_R2_迴避,4,True,False,59.9,50.0,48.89,-2.22,False,True,True,False,8:11,-11.64,False,2.0,True
RNG,10MA_R20,4,True,False,64.4,77.3,79.23,2.5,True,True,False,False,9:57,11.08,False,2.0,False
ACM,SubSector_R12,4,True,True,78.1,62.93,61.45,-2.35,False,True,False,False,8:27,-5.44,False,2.0,False
PVLA,Combined_R22,4,True,False,62.6,153.41,149.56,-2.51,False,False,False,True,3:25,-1.17,False,2.0,False
TFC,SubSector_R12,4,True,True,91.0,49.0,47.0,-4.08,False,True,False,False,6:51,-6.81,False,2.0,False
SMR,AI_R13+SubSector_R12+Combined_R22+RateHike_R2_迴避,4,True,False,42.1,8.79,8.68,-1.25,False,True,True,True,7:00,-6.63,False,2.0,True
MS,SubSector_R12+Combined_R22+RateHike_R2_迴避,4,True,True,87.4,206.12,198.39,-3.75,False,True,False,False,6:33,-6.17,False,2.0,False
ALT,SubSector_R12,4,True,False,74.1,3.27,3.19,-2.45,True,True,False,True,6:42,0.59,False,2.0,False
HRZN,10MA_R20_跌出,4,True,True,81.9,4.66,4.61,-1.07,False,True,False,False,6:22,-5.02,False,2.0,False
AI,AI_R13+Combined_R22,4,True,False,70.4,10.84,10.86,0.18,True,True,True,True,6:31,3.79,True,2.0,True
APH,AI_R13+SubSector_R12,4,True,True,77.4,80.72,82.19,1.82,False,True,False,True,9:51,2.11,False,2.0,False
CRVL,10MA_R20,4,True,True,85.4,71.83,73.3,2.05,True,True,False,False,9:51,5.36,False,2.0,False
SNAP,SubSector_R12,4,True,False,64.5,5.7,5.29,-7.19,False,False,False,True,5:19,-3.95,False,2.0,False
ROK,SubSector_R12,4,True,True,86.8,424.89,432.89,1.88,False,False,False,True,11:43,1.07,False,3.0,False
BMY,SubSector_R12,4,True,True,89.3,62.62,61.15,-2.35,False,True,False,False,8:49,-5.84,False,3.0,False
BNY,Combined_R22,4,True,True,91.6,153.89,149.51,-2.85,False,True,False,False,8:49,-6.0,False,3.0,False
BRO,SubSector_R12,4,True,True,83.0,64.3,61.7,-4.04,False,True,False,False,8:49,-11.19,False,3.0,False
CBOE,SubSector_R12,4,True,True,78.3,271.43,268.87,-0.94,False,True,False,False,8:49,-7.89,False,3.0,True
COF,SubSector_R12,4,True,True,88.6,204.92,196.1,-4.3,False,True,False,False,8:49,-8.23,False,3.0,False
FBP,Combined_R22,4,True,True,93.0,27.46,26.69,-2.8,False,True,False,False,8:49,-5.14,False,3.0,False
HLT,SubSector_R12+Combined_R22,4,True,True,91.2,307.08,307.22,0.05,False,True,False,False,9:55,-3.27,False,3.0,False
HSY,SubSector_R12,4,True,True,89.9,167.9,168.45,0.33,False,True,False,False,8:49,-4.8,False,3.0,True
LIN,AI_R13+SubSector_R12,4,True,True,93.4,457.5,469.72,2.67,False,True,False,True,9:42,-1.18,False,3.0,False
MCD,SubSector_R12,4,True,True,93.0,247.88,238.32,-3.86,False,True,False,False,8:49,-8.07,False,3.0,False
SYF,SubSector_R12,4,True,True,85.2,75.0,70.67,-5.77,False,True,False,False,8:49,-9.93,False,3.0,False
TROW,SubSector_R12,4,True,True,89.7,104.63,104.57,-0.06,False,True,False,False,8:49,-3.66,False,3.0,True
TXRH,Combined_R22,4,True,True,84.4,165.54,164.84,-0.42,False,True,False,False,8:49,-12.5,False,3.0,True
WTW,SubSector_R12,4,True,True,86.8,306.82,298.99,-2.55,False,True,False,False,8:49,-9.42,False,3.0,False
YUM,SubSector_R12,4,True,True,84.4,139.33,140.63,0.93,False,True,False,False,8:49,-4.45,False,3.0,True
UNH,SubSector_R12+Combined_R22,4,True,True,89.2,377.56,371.29,-1.66,False,True,False,False,8:49,-4.9,False,3.0,True
LRCX,AI_R13+SubSector_R12+Combined_R22,4,True,False,57.6,302.28,307.28,1.65,False,False,False,True,10:18,1.43,False,3.0,False
ALEC,SubSector_R12,4,True,False,36.2,1.93,2.02,4.66,True,True,False,False,6:50,-9.32,False,3.0,True
OOMA,10MA_R20_跌出,4,True,False,71.6,22.96,22.05,-3.96,True,True,False,True,6:57,-0.79,False,3.0,False
EXPD,Combined_R22+10MA_R20,4,False,True,91.3,192.15,188.03,-2.14,True,True,False,True,7:07,-0.4,False,3.0,False
NBIS,AI_R13+SubSector_R12+Combined_R22,4,True,False,36.8,232.8,226.61,-2.66,True,False,False,True,11:00,-2.17,False,4.0,False
AVGO,AI_R13+SubSector_R12+Combined_R22,4,True,True,79.3,362.66,354.99,-2.11,False,False,False,True,10:57,-2.68,False,4.0,False
BNS,Combined_R22,4,True,True,92.4,95.35,92.25,-3.25,True,False,False,True,4:12,0.35,False,4.0,False
ROST,SubSector_R12+Combined_R22,4,True,True,89.0,231.25,233.98,1.18,False,False,False,True,10:42,0.17,False,4.0,False
ASML,AI_R13+SubSector_R12+Combined_R22,4,True,True,77.6,1711.32,1744.61,1.95,False,False,False,True,10:39,1.58,False,4.0,False
STX,AI_R13+SubSector_R12,4,True,False,53.1,877.33,923.86,5.3,True,False,False,False,10:32,6.82,False,4.0,False
WDC,AI_R13+SubSector_R12+Combined_R22,4,True,False,49.8,448.17,473.69,5.69,True,False,False,True,10:30,2.85,False,4.0,False
CM,Combined_R22,4,True,True,91.9,116.26,111.45,-4.14,False,False,False,False,3:25,-4.46,False,4.0,False
HUBB,SubSector_R12+Combined_R22,4,True,True,84.3,457.49,463.7,1.36,False,False,False,True,10:17,-0.2,False,4.0,False
AG,SubSector_R12,4,False,False,62.4,19.31,19.05,-1.35,False,True,False,False,8:49,-5.84,False,4.0,False
ARES,SubSector_R12,4,True,True,79.0,126.67,121.48,-4.1,False,True,False,False,8:49,-11.82,False,4.0,True
AU,SubSector_R12,4,True,False,71.7,101.93,98.74,-3.13,False,True,False,False,8:49,-10.07,False,4.0,False
AUGO,10MA_R20,4,True,False,59.8,89.15,85.34,-4.27,True,True,False,True,8:49,-0.19,False,4.0,False
BC,SubSector_R12,4,True,True,81.3,66.0,66.23,0.35,False,True,False,False,8:49,-12.02,False,4.0,True
BF.B,SubSector_R12,4,True,True,82.5,26.15,26.29,0.54,False,True,False,True,8:49,-2.67,False,4.0,True
BJRI,Combined_R22,4,True,True,75.7,61.11,61.54,0.7,False,True,False,True,10:00,-2.68,False,4.0,False
BKR,SubSector_R12,4,True,True,82.9,57.83,58.03,0.35,False,True,False,False,8:49,-4.82,False,4.0,True
BLK,SubSector_R12,4,True,True,88.8,1090.27,1060.89,-2.69,False,True,False,False,8:49,-5.56,False,4.0,True
BX,SubSector_R12+Combined_R22,4,True,True,82.6,126.41,119.27,-5.65,False,True,False,False,8:49,-13.4,False,4.0,False
CBL,Combined_R22,4,True,True,86.7,53.51,53.06,-0.84,False,True,False,False,8:49,-3.56,False,1.0,False
CDP,Combined_R22,4,True,True,92.6,34.58,33.77,-2.34,False,True,False,False,8:49,-5.63,False,4.0,False
COST,SubSector_R12+Combined_R22,4,True,True,93.8,898.48,904.7,0.69,False,True,False,True,8:49,-2.29,False,4.0,True
CRH,SubSector_R12,4,True,True,85.2,87.14,85.23,-2.19,False,True,False,False,8:49,-7.92,False,4.0,False
FLR,SubSector_R12+Combined_R22,4,True,False,72.6,54.74,53.06,-3.07,True,True,False,True,8:49,-1.78,False,4.0,False
GM,SubSector_R12,4,True,True,83.6,83.95,83.77,-0.21,False,True,True,True,8:49,-2.09,False,0.0,True
KGC,SubSector_R12,4,True,False,72.4,27.79,27.62,-0.61,True,True,False,False,8:49,-8.45,False,4.0,True
KO,SubSector_R12+Combined_R22,4,False,True,93.6,87.12,88.09,1.11,True,True,True,True,8:49,-0.8,True,1.0,True
ODFL,SubSector_R12,4,True,True,82.4,175.36,177.72,1.35,False,True,False,False,9:51,-7.02,False,4.0,False
SMCI,AI_R13+SubSector_R12+Combined_R22+10MA_R20,4,True,False,51.8,41.2,41.44,0.58,True,False,False,False,10:14,7.6,False,4.0,False
TMC,SubSector_R12,4,True,False,51.8,4.14,4.07,-1.69,False,True,False,True,8:49,-7.04,False,4.0,True
TT,AI_R13+SubSector_R12,4,True,True,88.0,433.32,437.09,0.87,False,True,False,True,9:45,-1.91,False,4.0,False
XPO,SubSector_R12+Combined_R22,4,True,True,80.0,174.34,179.92,3.2,False,True,False,False,9:27,-4.83,False,4.0,False
CCJ,AI_R13+SubSector_R12+Combined_R22+RateHike_R2_迴避,4,True,True,75.8,93.23,90.8,-2.61,False,True,False,False,8:49,-7.9,False,4.0,False
USAR,SubSector_R12,4,True,False,51.4,16.78,15.83,-5.66,False,True,False,False,8:26,-10.89,False,4.0,False
WTRG,SubSector_R12,4,False,True,92.2,40.48,40.18,-0.74,False,True,False,True,8:49,-2.13,False,4.0,False
MRNA,Combined_R22,4,True,False,24.5,172.94,182.11,5.3,True,True,False,False,9:44,19.27,False,4.0,False
VRT,AI_R13+SubSector_R12+Combined_R22,4,True,False,56.9,250.86,248.78,-0.83,False,False,False,True,10:01,-4.46,False,4.0,False
EQIX,AI_R13+SubSector_R12,4,False,True,86.4,1057.26,1037.66,-1.85,True,True,False,True,10:00,-1.14,False,5.0,False
CTAS,SubSector_R12,4,True,True,90.7,196.88,191.97,-2.49,False,True,False,False,8:49,-4.34,False,1.0,False
HALO,10MA_R20,4,True,True,81.9,111.45,112.44,0.89,True,True,False,False,8:49,3.85,False,5.0,False
KNSA,Combined_R22,4,True,False,72.9,78.13,76.08,-2.62,False,True,False,True,8:49,-2.87,False,5.0,False
SCCO,SubSector_R12,4,True,False,72.5,198.06,201.94,1.96,True,True,False,True,8:49,0.09,False,5.0,True
SNOW,AI_R13+SubSector_R12+Combined_R22,4,True,False,69.5,339.39,334.81,-1.35,True,True,False,True,8:49,0.26,False,5.0,False
SENEA,Combined_R22,4,True,True,78.3,180.86,179.15,-0.95,False,True,False,False,8:49,-6.77,False,1.0,False
LITE,AI_R13+SubSector_R12+Combined_R22,4,True,False,45.4,954.49,937.0,-1.83,True,False,False,True,10:51,2.94,False,5.0,False
SNPS,AI_R13+SubSector_R12+Combined_R22+RateHike_R2_受惠,4,True,True,75.2,401.85,413.06,2.79,True,True,False,True,9:43,1.76,False,5.0,False
FET,10MA_R20,4,True,False,68.0,80.86,82.68,2.25,True,True,True,True,8:49,1.81,True,0.0,True
CVE,Combined_R22,4,False,True,82.3,31.57,31.08,-1.55,True,True,False,False,7:14,-3.61,False,6.0,False
CRSP,SubSector_R12,4,True,False,67.9,58.33,55.76,-4.41,True,False,False,True,10:37,-1.24,False,7.0,False
CHD,SubSector_R12,4,True,True,92.1,95.49,96.02,0.56,False,False,False,True,10:03,-1.98,False,7.0,False
WDAY,SubSector_R12,4,True,False,64.6,191.92,192.38,0.24,True,True,True,True,8:49,-1.83,True,0.0,True
NOW,AI_R13+SubSector_R12+Combined_R22+10MA_R20,4,True,False,66.8,137.68,140.78,2.25,True,True,True,False,8:46,4.66,False,0.0,True
CRM,AI_R13+SubSector_R12+Combined_R22,4,True,False,69.9,236.42,237.58,0.49,True,True,True,True,7:53,0.93,True,0.0,True
PG,SubSector_R12,4,True,True,94.5,146.08,147.39,0.9,True,False,False,True,12:48,1.57,False,8.0,False
ZD,Combined_R22,4,True,True,84.4,57.47,56.75,-1.25,True,False,False,True,3:28,0.35,False,8.0,False
ADP,SubSector_R12,4,True,True,89.3,269.94,263.68,-2.32,False,True,False,False,8:49,-4.22,False,8.0,False
CBRE,SubSector_R12,4,True,True,83.3,143.21,136.41,-4.75,False,True,False,False,8:49,-6.03,False,8.0,False
DHI,SubSector_R12+RateHike_R2_迴避,4,True,True,84.8,139.25,140.17,0.66,False,True,False,True,9:49,-1.84,False,8.0,False
HRB,SubSector_R12,4,True,True,75.4,44.5,42.54,-4.4,False,True,True,False,8:49,-16.63,False,0.0,True
J,SubSector_R12,4,True,True,90.4,143.76,141.12,-1.84,False,True,False,False,8:49,-3.41,False,8.0,False
VZ,SubSector_R12+10MA_R20_跌出+RateHike_R2_迴避,4,True,True,89.6,47.68,46.52,-2.43,False,True,False,False,8:49,-5.9,False,8.0,False
SPT,10MA_R20,4,True,False,57.9,10.33,9.96,-3.58,True,True,False,False,8:32,-6.54,False,8.0,False
PGR,SubSector_R12,4,True,True,88.2,212.24,203.13,-4.29,False,True,False,False,7:48,-5.59,False,8.0,False
OKE,SubSector_R12,4,True,True,87.1,91.8,90.54,-1.37,False,True,False,False,7:36,-4.44,False,8.0,False
AMT,SubSector_R12,4,True,True,89.1,174.6,170.78,-2.19,False,True,False,True,7:00,-2.58,False,1.0,False
TD,Combined_R22,4,True,True,93.7,124.04,119.41,-3.73,False,False,False,True,2:49,-0.97,False,8.0,False
WST,Combined_R22,4,True,True,89.7,361.78,375.87,3.89,True,False,False,False,12:46,6.03,False,9.0,False
ABBV,SubSector_R12+Combined_R22,4,True,True,90.5,264.48,265.08,0.23,True,False,False,True,12:00,2.34,False,9.0,False
BABA,AI_R13,4,True,True,81.7,115.75,110.8,-4.28,False,False,False,False,10:26,-6.44,False,9.0,False
EXR,SubSector_R12,4,True,True,92.3,137.46,133.84,-2.63,False,False,False,False,3:58,-4.67,False,9.0,False
MDB,AI_R13+SubSector_R12+Combined_R22,4,True,False,60.1,407.3,428.36,5.17,False,True,False,False,9:42,5.24,False,9.0,False
APLE,Combined_R22,4,True,True,92.0,15.68,15.83,0.96,True,False,False,True,10:27,-0.15,False,10.0,False
ANGO,Combined_R22,4,True,True,82.7,15.42,15.51,0.58,False,True,False,True,8:49,-0.32,False,10.0,True
ET,SubSector_R12,4,False,True,94.7,20.9,20.49,-1.96,False,True,False,False,8:49,-3.6,False,10.0,False
HCA,SubSector_R12+RateHike_R2_受惠,4,True,True,82.7,425.97,436.48,2.47,True,False,False,False,2:05,3.73,False,10.0,False
LIFE,10MA_R20_跌出,4,True,False,50.8,36.49,33.91,-7.07,False,True,False,False,8:49,-8.88,False,12.0,False
NHC,Combined_R22,4,True,True,84.3,223.31,224.87,0.7,True,True,True,True,6:46,0.2,True,0.0,True
EGP,SubSector_R12,4,True,True,94.2,202.57,202.6,0.01,True,False,False,True,2:09,0.88,False,13.0,False
RRBI,Combined_R22,4,True,True,91.9,101.62,100.56,-1.04,False,True,False,True,6:44,-1.39,False,14.0,False
FBLA,10MA_R20,4,True,True,95.4,16.26,16.12,-0.86,True,False,False,True,2:49,1.45,False,14.0,False
MSGS,Combined_R22,4,True,True,89.5,400.09,394.8,-1.32,False,False,False,True,1:48,-0.9,False,14.0,False
REX,Combined_R22,4,True,True,82.9,43.13,44.01,2.04,True,False,False,True,2:23,2.73,False,,False
OPHC,10MA_R20_跌出,4,True,False,66.6,9.2,8.93,-2.93,True,True,False,True,8:49,-4.3,False,,False
FTI,Combined_R22,4,True,True,81.3,71.31,71.24,-0.1,False,True,True,False,7:55,-6.46,False,0.0,True
VST,AI_R13+SubSector_R12+Combined_R22,4,True,True,78.0,140.78,137.97,-2.0,False,False,False,True,5:20,-3.45,False,,False
CNR,SubSector_R12,4,True,True,79.8,90.75,92.15,1.54,False,True,True,False,8:34,-4.12,False,1.0,True
PEGA,10MA_R20,4,True,False,68.8,34.97,35.18,0.6,True,True,True,True,8:32,-0.67,True,0.0,True
TARS,10MA_R20_跌出,4,True,False,70.1,77.46,74.29,-4.09,True,True,False,True,7:08,-3.99,False,,False
DMLP,10MA_R20,4,False,True,92.2,29.42,29.11,-1.05,True,True,False,True,7:30,0.83,False,,False
FCFS,Combined_R22+10MA_R20_跌出,4,True,True,79.2,216.12,216.47,0.16,True,True,False,True,7:03,-2.33,False,1.0,False
FMAO,10MA_R20,4,True,True,86.5,35.49,34.58,-2.56,False,False,False,True,4:44,-0.65,False,,False
ELV,SubSector_R12,4,True,True,85.1,409.31,398.56,-2.63,True,False,False,True,4:40,-1.85,False,,False
MO,SubSector_R12,4,True,True,88.4,68.53,68.95,0.61,True,False,False,True,3:35,1.51,False,,False
KR,SubSector_R12,4,True,True,87.7,59.69,57.64,-3.43,True,False,False,True,3:38,-1.2,False,,False
ARWR,Combined_R22,3,True,False,60.0,68.79,66.96,-2.66,False,True,True,False,8:49,-16.48,False,2.0,True
COMP,SubSector_R12,3,True,False,64.6,10.13,9.16,-9.58,False,True,False,False,8:49,-18.94,False,2.0,False
ELVN,Combined_R22,3,True,False,72.1,48.87,46.09,-5.69,False,True,False,False,8:49,-18.35,False,2.0,False
ENVA,Combined_R22,3,True,False,58.3,171.36,168.37,-1.74,False,True,True,False,8:49,-25.01,False,2.0,True
IONS,SubSector_R12,3,True,False,58.9,44.9,43.93,-2.16,False,True,True,False,8:49,-21.7,False,2.0,True
MGM,SubSector_R12,3,False,True,90.3,38.73,37.85,-2.27,False,True,False,False,8:49,-8.03,False,2.0,False
PKE,Combined_R22,3,True,False,71.5,30.3,29.55,-2.48,False,True,False,False,8:49,-10.44,False,2.0,False
Z,SubSector_R12,3,True,False,67.6,30.65,28.65,-6.53,False,True,False,False,8:49,-16.08,False,2.0,False
RCAT,SubSector_R12,3,True,False,44.2,6.95,6.59,-5.18,False,True,True,False,8:33,-29.57,False,2.0,True
METC,SubSector_R12,3,True,False,40.2,9.37,9.28,-0.96,False,True,True,False,8:08,-27.2,False,2.0,True
LAZ,SubSector_R12,3,True,False,69.1,36.48,36.82,0.93,False,True,True,False,8:05,-9.74,False,2.0,True
CEG,AI_R13+SubSector_R12+Combined_R22,3,False,True,76.7,262.11,263.88,0.68,False,True,True,False,7:44,-4.27,False,2.0,True
REG,SubSector_R12,3,True,True,95.2,72.92,72.73,-0.26,False,True,False,False,6:54,-3.19,False,2.0,False
SLB,SubSector_R12+RateHike_R2_迴避,3,True,True,78.4,51.76,51.87,0.21,False,True,True,False,6:11,-5.89,False,2.0,True
RIVN,SubSector_R12,3,True,False,63.3,15.36,15.02,-2.21,False,True,False,False,6:32,-5.03,False,2.0,False
MTB,SubSector_R12,3,True,True,92.1,226.96,219.58,-3.25,False,True,False,False,6:22,-8.1,False,2.0,False
EVR,SubSector_R12,3,True,True,79.7,269.01,259.89,-3.39,False,False,True,False,5:52,-9.91,False,2.0,True
CARR,SubSector_R12,3,True,True,81.8,54.62,55.1,0.88,False,True,False,False,9:18,-4.78,False,2.0,False
PNC,SubSector_R12+Combined_R22+RateHike_R2_迴避,3,True,True,92.7,233.25,224.03,-3.95,False,False,False,False,4:58,-7.48,False,2.0,False
BA,SubSector_R12+Combined_R22,3,True,True,85.0,201.15,199.93,-0.61,False,False,True,False,5:04,-4.72,False,0.0,True
CMI,AI_R13+SubSector_R12,3,True,True,82.7,534.78,524.65,-1.89,False,False,False,False,10:43,-7.18,False,3.0,False
GLW,AI_R13+Combined_R22,3,True,False,52.9,158.98,154.48,-2.83,False,False,False,True,10:36,0.01,False,3.0,False
AMAT,AI_R13+SubSector_R12+Combined_R22,3,True,False,61.7,464.24,474.38,2.18,False,False,False,True,10:32,-0.04,False,3.0,False
HOOD,SubSector_R12+Combined_R22+RateHike_R2_迴避,3,True,False,57.6,123.3,122.7,-0.49,True,False,False,False,10:17,10.35,False,3.0,False
EME,SubSector_R12,3,True,False,73.9,757.71,751.8,-0.78,False,False,False,True,10:14,-2.02,False,3.0,False
AFRM,SubSector_R12,3,True,False,68.1,71.05,68.09,-4.17,False,False,False,False,3:30,-9.83,False,3.0,False
ATI,Combined_R22,3,True,False,71.8,189.16,184.18,-2.63,False,True,False,False,8:49,-11.03,False,3.0,True
BOOT,Combined_R22,3,True,False,67.9,124.33,124.49,0.13,False,True,False,False,8:49,-17.4,False,3.0,True
LOB,Combined_R22,3,True,True,89.1,38.02,37.09,-2.45,False,True,False,False,8:49,-7.9,False,3.0,False
OPEN,SubSector_R12,3,True,False,54.2,2.68,2.58,-3.73,False,False,False,False,10:08,-22.82,False,3.0,False
SOFI,SubSector_R12,3,True,False,70.4,16.97,16.55,-2.47,False,True,False,False,8:49,-7.72,False,3.0,False
CWST,SubSector_R12,3,False,True,84.9,87.05,84.8,-2.58,False,True,False,False,8:49,-7.22,False,3.0,False
WFRD,SubSector_R12,3,True,False,73.9,82.2,84.66,2.99,False,True,False,False,8:06,-6.29,False,3.0,True
CRWV,AI_R13+SubSector_R12+Combined_R22,3,True,False,44.8,85.43,86.9,1.72,False,True,False,True,8:11,-5.52,False,3.0,True
CRCL,SubSector_R12,3,True,False,44.7,94.49,91.72,-2.93,True,True,False,True,6:17,3.51,False,3.0,True
BWXT,AI_R13,3,True,True,78.5,147.47,141.81,-3.84,False,True,False,False,6:32,-9.29,False,3.0,False
JEF,SubSector_R12,3,True,True,78.8,47.85,46.98,-1.82,False,False,False,False,5:33,-9.59,False,3.0,True
TSM,AI_R13+SubSector_R12+Combined_R22+RateHike_R2_受惠,3,True,True,84.0,445.14,446.57,0.32,True,False,False,False,11:30,4.73,False,4.0,False
TEL,AI_R13+SubSector_R12,3,True,True,84.4,210.01,214.39,2.09,False,False,False,False,11:14,3.68,False,4.0,False
KLAC,AI_R13+SubSector_R12+Combined_R22,3,True,False,62.3,183.97,187.86,2.11,False,False,False,True,11:00,2.26,False,4.0,False
SIMO,AI_R13,3,True,False,44.0,269.0,276.53,2.8,True,False,False,False,10:53,7.67,False,4.0,False
MU,AI_R13+SubSector_R12+Combined_R22,3,True,False,59.5,1043.96,1071.88,2.67,True,False,False,False,10:46,9.62,False,4.0,False
OKLO,AI_R13+SubSector_R12+Combined_R22+RateHike_R2_迴避,3,True,False,48.2,40.18,38.82,-3.38,False,False,False,True,11:34,-4.89,False,4.0,False
NAKA,10MA_R20,3,True,False,49.3,10.05,9.2,-8.46,True,False,False,False,10:37,16.2,False,4.0,False
VIAV,AI_R13,3,True,False,51.4,36.2,36.43,0.64,False,False,False,True,11:22,-3.61,False,4.0,False
HYPD,10MA_R20,3,True,False,46.9,3.85,3.92,1.82,True,False,False,False,10:28,13.31,False,4.0,False
TCEHY,AI_R13,3,False,True,86.5,55.85,55.91,0.11,False,False,False,True,10:44,-0.43,False,4.0,False
ONTO,AI_R13,3,True,False,48.8,275.98,282.31,2.29,False,False,False,True,10:36,-1.17,False,4.0,False
COIN,SubSector_R12+Combined_R22+RateHike_R2_迴避,3,True,False,52.9,201.05,198.13,-1.45,True,False,False,False,10:31,10.01,False,4.0,False
ABTC,10MA_R20,3,True,False,35.7,10.3,9.91,-3.79,True,True,False,False,9:58,13.9,False,4.0,False
VCYT,Combined_R22,3,True,False,59.9,41.52,43.82,5.54,True,False,False,True,10:14,3.36,False,4.0,False
ADBE,AI_R13+SubSector_R12,3,True,False,73.3,249.52,240.69,-3.54,False,True,True,False,8:49,-9.29,False,0.0,True
AGM,10MA_R20,3,False,True,88.7,218.97,217.17,-0.82,False,True,False,False,8:49,-3.03,False,4.0,False
ALB,SubSector_R12,3,True,False,70.7,112.92,113.47,0.49,False,True,False,False,8:49,-11.4,False,4.0,True
ARVN,SubSector_R12,3,True,False,74.8,8.3,7.83,-5.66,False,True,False,False,8:49,-12.23,False,4.0,False
CNI,Combined_R22,3,True,True,93.6,117.51,119.49,1.68,False,True,True,False,8:49,-3.44,False,1.0,True
CRVS,SubSector_R12,3,True,False,66.6,12.42,12.54,0.97,False,True,False,False,8:49,-8.66,False,4.0,True
DNN,SubSector_R12,3,True,False,61.5,2.89,2.82,-2.42,False,True,False,False,8:49,-15.37,False,4.0,True
HL,SubSector_R12,3,False,False,60.3,18.35,18.27,-0.44,False,True,True,False,8:49,-6.15,False,1.0,True
LEU,AI_R13+SubSector_R12,3,True,False,48.8,154.85,151.31,-2.29,False,True,False,False,8:49,-11.3,False,4.0,True
MGA,SubSector_R12,3,True,True,82.9,63.01,63.73,1.14,False,True,True,False,8:49,-4.54,False,1.0,True
NB,SubSector_R12,3,True,False,53.9,3.72,3.51,-5.65,False,True,False,False,8:49,-20.95,False,4.0,False
SANA,SubSector_R12,3,True,False,51.0,3.1,3.08,-0.65,False,True,False,False,8:49,-12.6,False,4.0,True
SGP,10MA_R20,3,False,False,59.8,27.96,28.16,0.72,True,True,False,True,8:49,1.29,False,4.0,False
SOUN,AI_R13+Combined_R22,3,True,False,63.2,6.17,6.01,-2.59,False,True,False,False,8:49,-12.89,False,4.0,True
TRVI,Combined_R22,3,True,False,65.2,14.89,14.46,-2.89,False,True,False,False,8:49,-16.11,False,4.0,False
UEC,SubSector_R12+RateHike_R2_迴避,3,True,False,58.0,10.08,9.95,-1.29,False,True,False,False,8:49,-14.8,False,4.0,True
UUUU,SubSector_R12,3,True,False,55.6,12.3,11.6,-5.69,False,True,False,False,8:49,-19.29,False,4.0,True
WHR,SubSector_R12,3,True,False,65.4,32.64,32.93,0.89,False,True,False,False,8:49,-12.72,False,4.0,True
XEL,SubSector_R12,3,True,True,93.1,71.85,70.66,-1.66,False,True,False,False,8:49,-7.19,False,1.0,False
BBAI,Combined_R22,3,True,False,65.5,2.9,2.84,-2.07,False,True,False,False,9:48,-6.47,False,4.0,False
HBM,SubSector_R12,3,False,False,64.2,26.65,26.79,0.53,False,True,False,True,8:49,-3.5,False,4.0,True
F,SubSector_R12,3,True,True,82.3,13.17,12.94,-1.75,False,True,False,False,8:49,-6.87,False,4.0,False
SOBO,Combined_R22,3,False,True,89.6,35.1,34.38,-2.05,False,True,False,False,8:33,-7.15,False,4.0,False
LEGN,SubSector_R12,3,True,False,62.4,18.53,18.45,-0.43,False,True,False,False,6:50,-7.71,False,4.0,True
ETR,Combined_R22,3,True,True,92.8,101.58,99.23,-2.31,False,True,False,False,7:03,-6.2,False,4.0,False
NEE,SubSector_R12+Combined_R22+RateHike_R2_迴避,3,True,True,95.0,79.63,77.02,-3.28,False,True,False,False,6:51,-7.68,False,4.0,False
AEO,Combined_R22,3,True,False,67.8,15.46,15.92,2.98,False,True,False,True,9:16,-0.62,False,4.0,False
MDGL,SubSector_R12,3,False,True,77.6,521.96,513.02,-1.71,False,False,False,True,5:40,-3.03,False,4.0,False
AEP,SubSector_R12,3,True,True,93.9,120.03,118.4,-1.36,False,False,False,False,5:17,-3.61,False,1.0,False
BFH,Combined_R22,3,True,True,82.4,108.0,99.19,-8.16,False,False,False,False,4:01,-7.76,False,5.0,False
DOC,SubSector_R12,3,True,True,92.8,20.72,20.48,-1.16,False,False,False,True,12:16,-1.32,False,5.0,False
JCI,SubSector_R12,3,True,True,86.7,145.18,145.9,0.5,False,False,False,True,11:04,1.33,False,5.0,False
OUST,Combined_R22,3,True,False,41.6,38.12,39.38,3.31,False,False,False,True,10:50,1.18,False,5.0,False
CDNS,AI_R13+SubSector_R12+Combined_R22+RateHike_R2_受惠,3,True,True,78.4,294.9,309.09,4.81,False,False,False,True,10:49,0.97,False,5.0,False
MPWR,SubSector_R12+Combined_R22,3,True,False,70.1,1277.68,1355.47,6.09,True,False,False,False,10:22,6.2,False,5.0,False
DECK,SubSector_R12,3,True,True,80.2,80.23,78.59,-2.04,False,False,False,False,10:20,-7.5,False,5.0,False
LUNR,SubSector_R12,3,True,False,50.1,15.72,15.24,-3.05,False,True,False,False,9:55,-8.29,False,5.0,False
AWR,SubSector_R12+Combined_R22,3,True,True,92.9,84.85,83.24,-1.9,False,True,False,False,8:49,-5.46,False,5.0,False
DLR,AI_R13+SubSector_R12,3,False,True,84.1,186.33,181.45,-2.62,False,True,False,False,8:49,-3.61,False,5.0,False
OWL,SubSector_R12,3,True,True,75.0,10.02,9.6,-4.19,False,True,False,False,8:49,-17.98,False,5.0,True
PFGC,SubSector_R12,3,True,True,86.7,92.41,90.79,-1.75,False,True,False,False,9:31,-9.59,False,5.0,False
POOL,SubSector_R12,3,True,True,81.3,167.92,166.61,-0.78,False,True,False,False,8:49,-7.87,False,5.0,True
RCL,SubSector_R12,3,True,True,84.2,250.25,230.3,-7.97,False,True,False,False,8:49,-14.78,False,5.0,False
SBGSY,AI_R13,3,False,True,84.3,67.75,66.37,-2.04,False,False,False,True,10:02,-1.96,False,5.0,False
URBN,Combined_R22,3,True,True,77.4,74.21,74.82,0.82,False,True,True,False,8:49,-3.77,False,1.0,True
USFD,SubSector_R12,3,True,True,84.3,94.22,93.93,-0.31,False,True,False,False,8:49,-7.29,False,5.0,True
VRTX,SubSector_R12+Combined_R22,3,False,True,87.7,510.72,516.34,1.1,False,True,False,True,8:49,-2.58,False,5.0,True
PBF,Combined_R22+10MA_R20_跌出,3,False,False,56.1,72.48,70.47,-2.77,True,True,False,True,8:44,-4.58,False,5.0,False
OESX,10MA_R20,3,True,False,34.7,27.75,28.42,2.41,True,True,False,False,7:05,11.06,False,1.0,False
DD,Combined_R22,3,True,True,89.6,129.79,130.88,0.84,False,False,False,True,10:57,-2.5,False,6.0,False
GEO,Combined_R22,3,False,True,79.1,30.25,30.62,1.22,False,True,True,True,8:49,-2.28,False,0.0,True
KFY,Combined_R22,3,True,True,86.3,76.77,73.96,-3.66,False,True,False,False,8:49,-9.4,False,6.0,False
LYB,SubSector_R12,3,False,True,79.6,60.24,59.97,-0.45,False,True,False,False,8:49,-6.76,False,6.0,False
TDW,SubSector_R12,3,True,False,69.7,85.57,85.91,0.4,False,True,True,False,8:49,-7.37,False,1.0,True
CNQ,Combined_R22,3,False,True,85.4,48.28,47.64,-1.33,False,True,False,False,8:49,-4.94,False,6.0,False
DT,10MA_R20,3,True,True,78.1,56.4,58.51,3.74,True,False,False,False,11:32,10.53,False,7.0,False
IONQ,SubSector_R12+RateHike_R2_迴避,3,True,False,52.3,40.51,42.54,5.01,True,False,False,True,10:51,3.6,False,7.0,False
WBD,SubSector_R12,3,False,True,90.7,30.8,30.76,-0.13,True,False,False,False,10:34,4.52,False,7.0,False
ABT,SubSector_R12,3,True,True,87.3,102.98,103.49,0.5,False,True,False,False,8:49,-4.53,False,7.0,True
AMH,SubSector_R12,3,True,True,93.9,31.24,30.93,-0.99,False,True,False,False,8:49,-5.14,False,7.0,True
AON,SubSector_R12,3,True,True,83.2,290.82,281.6,-3.17,False,True,False,False,8:49,-12.16,False,7.0,False
AXGN,Combined_R22,3,True,False,65.7,45.93,43.32,-5.68,False,True,False,False,8:49,-6.91,False,7.0,False
BSX,SubSector_R12,3,True,True,79.1,43.72,44.62,2.06,False,True,False,False,8:49,-5.37,False,7.0,True
CELH,SubSector_R12,3,True,False,61.1,28.02,29.18,4.14,True,True,False,True,8:49,-3.61,False,7.0,True
INVH,SubSector_R12,3,True,True,94.1,27.08,26.93,-0.55,False,True,False,False,8:49,-5.48,False,7.0,True
KMB,SubSector_R12,3,True,True,89.0,97.74,97.7,-0.04,False,True,False,False,8:49,-5.82,False,7.0,True
MAA,SubSector_R12,3,True,True,93.0,118.86,117.78,-0.91,False,True,True,False,8:49,-7.4,False,1.0,True
PEP,SubSector_R12,3,True,True,92.4,129.59,130.18,0.46,False,True,True,False,8:49,-5.45,False,1.0,True
PLTR,AI_R13+SubSector_R12+Combined_R22,3,True,False,66.0,183.09,191.79,4.75,True,True,False,False,9:29,7.91,False,7.0,False
TEAM,SubSector_R12,3,True,False,58.4,195.67,195.08,-0.3,True,True,True,False,8:49,8.06,False,0.0,True
AJG,SubSector_R12,3,True,True,83.0,236.61,229.64,-2.95,False,True,False,False,8:49,-10.42,False,7.0,False
GILD,SubSector_R12+Combined_R22,3,False,True,88.1,150.56,151.37,0.54,True,True,False,False,8:49,3.08,False,7.0,True
LRN,SubSector_R12,3,True,True,77.9,79.5,78.53,-1.22,True,True,False,False,7:43,-5.25,False,7.0,False
CMG,SubSector_R12,3,True,False,74.8,33.14,32.71,-1.3,True,True,True,False,7:22,-7.94,False,0.0,True
INBK,10MA_R20_跌出,3,True,True,79.3,27.61,26.07,-5.58,False,True,False,False,6:12,-8.52,False,7.0,False
AVTR,10MA_R20,3,False,True,78.0,15.1,14.76,-2.25,True,False,False,True,5:20,-0.02,False,7.0,False
REFI,10MA_R20,3,False,True,91.1,10.8,10.69,-1.02,True,False,False,True,5:02,-0.95,False,7.0,False
RUSHB,Combined_R22,3,False,True,79.2,53.61,54.82,2.26,True,False,False,True,1:09,1.64,False,8.0,False
FR,SubSector_R12,3,True,True,94.4,62.0,61.07,-1.5,False,False,False,True,12:28,-1.66,False,8.0,False
CYRX,Combined_R22,3,True,True,78.5,17.62,17.49,-0.74,True,False,False,False,11:37,7.28,False,8.0,False
TMO,SubSector_R12+10MA_R20+RateHike_R2_受惠,3,True,True,88.2,658.76,665.3,0.99,True,False,False,False,11:30,5.86,False,8.0,False
MEDP,Combined_R22,3,True,True,84.5,624.2,617.15,-1.13,True,False,False,True,11:04,2.13,False,8.0,False
HIMS,SubSector_R12,3,True,False,54.0,29.35,28.39,-3.27,False,False,False,True,10:41,-3.89,False,8.0,False
ACN,AI_R13+SubSector_R12,3,False,False,74.1,186.11,183.52,-1.39,True,True,False,True,8:49,-0.29,False,8.0,False
ALRS,Combined_R22,3,False,True,92.2,32.44,31.77,-2.07,False,True,False,False,8:49,-3.98,False,8.0,False
BXP,SubSector_R12,3,True,True,88.7,64.13,62.36,-2.76,False,True,False,False,8:49,-6.37,False,8.0,False
CDNA,10MA_R20,3,True,False,63.8,54.33,54.31,-0.04,True,False,False,False,10:06,7.12,False,8.0,False
CRCT,10MA_R20,3,True,False,72.6,5.65,5.89,4.25,False,True,False,False,8:49,3.77,False,8.0,True
DASH,Combined_R22,3,True,True,77.8,193.83,189.27,-2.35,False,True,False,False,8:49,-12.15,False,8.0,True
DEO,SubSector_R12,3,True,True,89.2,86.82,86.11,-0.82,False,True,False,False,8:49,-4.8,False,8.0,True
DOCS,SubSector_R12,3,True,False,62.7,26.84,26.57,-1.01,False,True,False,True,8:49,3.18,False,8.0,True
EHC,SubSector_R12,3,False,True,88.1,121.56,122.21,0.53,False,True,False,True,8:49,0.26,False,1.0,False
JLL,SubSector_R12,3,True,True,83.4,340.07,324.06,-4.71,False,True,False,False,8:49,-11.0,False,8.0,False
MNDY,Combined_R22,3,True,False,55.8,87.96,86.46,-1.71,True,True,True,True,8:49,-4.75,True,0.0,True
NFLX,SubSector_R12+Combined_R22,3,True,True,80.3,73.36,71.36,-2.73,False,True,False,False,8:49,-8.26,False,8.0,False
PAYX,SubSector_R12,3,True,True,87.7,115.01,104.49,-9.15,False,True,False,False,8:49,-13.46,False,8.0,False
PESI,10MA_R20_跌出,3,True,False,59.0,17.34,15.79,-8.94,False,True,False,False,8:49,-14.5,False,8.0,False
PHM,SubSector_R12,3,True,True,85.7,118.97,118.71,-0.22,False,True,False,False,9:45,-3.83,False,8.0,False
SCI,SubSector_R12,3,True,True,89.7,77.56,77.85,0.37,False,True,True,False,8:49,-4.73,False,1.0,True
SHW,SubSector_R12,3,True,True,87.6,321.31,326.46,1.6,False,True,False,False,9:25,-3.12,False,8.0,False
SLG,SubSector_R12,3,True,True,82.7,52.94,49.98,-5.59,False,True,False,False,8:49,-9.79,False,8.0,False
SPG,SubSector_R12,3,True,True,94.0,204.98,204.16,-0.4,False,False,False,False,10:05,-3.74,False,8.0,False
SYK,SubSector_R12,3,True,True,78.1,274.19,273.4,-0.29,False,True,False,False,8:49,-10.66,False,8.0,True
TAP,SubSector_R12,3,True,True,84.2,37.56,36.62,-2.5,False,True,False,False,8:49,-7.21,False,8.0,False
TOL,SubSector_R12,3,True,True,84.4,135.5,135.27,-0.17,False,True,False,False,9:51,-4.06,False,8.0,False
VNO,SubSector_R12,3,True,True,85.3,35.58,34.16,-3.99,False,False,False,False,3:22,-7.26,False,8.0,False
APPF,10MA_R20,3,False,False,73.1,209.84,210.01,0.08,True,True,True,True,8:49,-2.81,True,0.0,True
APA,RateHike_R2_索引,3,False,True,77.5,43.81,43.7,-0.25,True,False,False,True,5:44,0.39,False,8.0,False
EPAM,SubSector_R12+10MA_R20,3,True,False,68.5,113.13,110.06,-2.71,True,False,False,True,5:27,-1.83,False,8.0,False
COKE,10MA_R20,3,False,True,81.3,189.9,187.49,-1.27,True,True,False,True,6:47,-2.7,False,8.0,False
AIG,SubSector_R12,3,True,True,93.0,74.54,75.58,1.4,False,True,False,True,10:00,-0.43,False,1.0,False
CNC,SubSector_R12+Combined_R22,3,True,True,78.6,64.99,62.08,-4.48,False,False,False,False,4:47,-5.73,False,8.0,False
KARO,Combined_R22,3,False,True,81.5,65.43,64.21,-1.86,True,False,False,True,4:30,-0.55,False,8.0,False
MTCH,SubSector_R12,3,True,True,83.3,43.16,40.48,-6.21,True,False,False,True,4:34,-2.2,False,8.0,False
GOOGL,AI_R13+SubSector_R12+Combined_R22,3,True,True,86.0,354.97,337.83,-4.83,False,False,False,True,1:03,-1.6,False,8.0,False
OSPN,10MA_R20,3,True,True,82.3,17.6,18.01,2.33,True,False,False,False,12:11,6.56,False,9.0,False
GL,Combined_R22,3,True,True,91.2,172.16,168.75,-1.98,False,False,False,False,3:23,-3.05,False,9.0,False
SAIC,10MA_R20,3,True,True,85.4,133.35,132.96,-0.29,True,False,True,True,4:08,2.87,False,0.0,True
GSAT,Combined_R22,3,True,True,97.8,83.04,82.5,-0.65,False,False,False,True,12:00,0.27,False,9.0,False
KOPN,10MA_R20,3,True,False,46.5,4.85,4.87,0.41,False,False,False,True,11:26,2.82,False,9.0,False
TJX,SubSector_R12+Combined_R22,3,True,True,89.9,130.96,131.59,0.48,False,False,False,True,10:22,-2.1,False,9.0,False
RL,SubSector_R12,3,True,True,84.7,339.82,337.47,-0.69,False,False,False,False,10:48,-4.48,False,9.0,False
LLY,SubSector_R12+Combined_R22,3,False,True,85.6,1164.89,1150.99,-1.19,False,False,False,True,10:36,-2.59,False,9.0,False
PKG,SubSector_R12,3,False,True,87.6,238.31,240.98,1.12,False,False,False,True,10:06,0.43,False,9.0,False
GD,SubSector_R12+Combined_R22,3,True,True,93.3,353.9,343.33,-2.99,False,True,False,False,8:49,-6.88,False,9.0,False
KFRC,Combined_R22,3,True,True,77.2,51.58,52.07,0.95,False,True,False,False,8:49,-5.36,False,9.0,True
LYV,SubSector_R12,3,True,True,89.1,169.18,169.03,-0.09,False,True,False,False,8:49,-4.42,False,9.0,True
PSA,SubSector_R12,3,True,True,91.4,296.67,286.73,-3.35,False,True,False,False,8:49,-6.91,False,9.0,False
PYPL,SubSector_R12,3,True,True,77.5,52.62,52.51,-0.21,False,True,False,False,8:49,-6.5,False,9.0,True
STZ,SubSector_R12,3,True,True,85.8,118.39,116.57,-1.54,False,True,False,False,8:49,-9.05,False,9.0,False
UHAL,Combined_R22,3,True,True,89.4,63.43,61.58,-2.92,False,True,False,False,8:49,-9.59,False,9.0,False
CLH,SubSector_R12+10MA_R20,3,False,True,90.7,311.43,313.15,0.55,False,False,False,True,5:44,-1.41,False,9.0,False
UBSI,Combined_R22,3,True,True,94.4,46.76,46.22,-1.15,False,False,False,True,5:15,-2.71,False,9.0,False
MET,SubSector_R12+Combined_R22,3,True,True,92.6,96.64,97.2,0.58,True,False,True,True,5:40,0.76,False,0.0,True
HGTY,10MA_R20,3,False,True,78.7,13.59,13.7,0.81,True,False,False,True,4:28,3.36,False,9.0,False
ISRG,AI_R13+SubSector_R12+Combined_R22,3,True,True,78.1,401.65,398.3,-0.83,False,False,False,False,2:03,4.61,False,9.0,False
BJ,SubSector_R12,3,True,True,86.7,92.31,89.98,-2.52,False,False,False,False,3:34,-3.05,False,9.0,False
CB,SubSector_R12,3,True,True,93.1,337.26,335.21,-0.61,False,False,False,True,3:55,-1.88,False,9.0,False
MAR,SubSector_R12+Combined_R22,3,True,True,89.6,342.66,351.66,2.63,False,False,False,True,1:09,2.02,False,10.0,False
PEB,Combined_R22,3,True,True,86.6,18.23,18.22,-0.05,True,False,False,True,12:52,0.77,False,10.0,False
DRH,Combined_R22,3,True,True,89.7,12.27,12.24,-0.24,True,False,False,True,12:28,-0.99,False,10.0,False
EBC,Combined_R22,3,True,True,91.4,21.48,21.14,-1.58,False,True,False,False,8:49,-4.48,False,10.0,False
FWONK,SubSector_R12,3,True,True,88.4,96.43,93.25,-3.3,False,True,False,False,8:49,-5.62,False,10.0,False
COP,SubSector_R12,3,False,True,85.2,127.53,128.09,0.44,True,True,True,False,7:48,-3.26,False,0.0,True
DVN,SubSector_R12,3,False,True,83.6,47.59,48.04,0.95,True,True,True,True,6:00,-0.5,True,0.0,True
XOM,SubSector_R12+Combined_R22+RateHike_R2_迴避,3,False,True,88.6,158.3,161.23,1.85,True,False,True,True,5:21,-0.72,False,0.0,True
PM,SubSector_R12,3,True,True,88.4,187.48,190.84,1.79,True,True,False,True,9:34,0.74,False,1.0,False
PANW,AI_R13+SubSector_R12+Combined_R22,3,True,False,63.1,371.76,393.3,5.79,True,False,False,False,12:02,8.22,False,11.0,False
NOC,SubSector_R12,3,True,True,89.5,526.66,514.42,-2.32,False,False,False,False,3:55,-4.83,False,11.0,False
CRDO,AI_R13+SubSector_R12+Combined_R22,3,True,False,42.0,187.27,193.87,3.52,False,False,False,True,10:54,1.26,False,11.0,False
LMT,SubSector_R12+Combined_R22,3,True,True,86.7,535.4,524.68,-2.0,False,False,False,False,3:40,-5.19,False,11.0,False
EQNR,Combined_R22,3,False,True,82.6,42.49,42.9,0.96,True,True,False,True,6:17,-0.33,False,11.0,False
UHS,SubSector_R12,3,False,True,83.1,174.74,181.39,3.81,True,False,False,False,11:56,3.63,False,12.0,False
CSCO,AI_R13,3,True,True,85.1,111.46,106.43,-4.51,False,False,False,False,3:23,-4.6,False,12.0,False
GNRC,AI_R13,3,True,False,60.8,204.96,199.42,-2.7,False,False,False,True,11:13,-0.8,False,13.0,False
NTAP,AI_R13,3,True,False,74.4,198.15,196.33,-0.92,False,False,False,True,11:07,2.3,False,13.0,False
RDW,SubSector_R12+Combined_R22,3,True,False,50.0,11.6,11.27,-2.84,False,False,False,True,10:15,-2.97,False,13.0,False
PCAR,SubSector_R12+Combined_R22,3,True,True,88.1,114.73,112.09,-2.3,False,True,False,False,8:49,-9.26,False,13.0,False
RTX,SubSector_R12+Combined_R22,3,True,True,90.8,194.34,192.19,-1.11,False,True,True,False,8:49,-7.28,False,0.0,True
FORM,AI_R13,3,True,False,46.1,119.31,131.26,10.02,True,False,False,False,2:33,13.53,False,13.0,False
CCL,SubSector_R12,3,True,True,82.0,22.31,21.8,-2.29,False,True,False,False,9:49,-10.56,False,14.0,False
TRST,Combined_R22,3,False,True,90.8,56.34,55.54,-1.42,False,True,False,True,6:07,-2.89,False,14.0,False
PGC,Combined_R22,3,True,True,91.0,45.17,44.38,-1.75,False,False,False,True,4:30,-2.57,False,14.0,False
GNK,Combined_R22,3,True,True,81.6,27.83,26.44,-4.99,True,False,False,True,5:17,-1.5,False,14.0,False
EQH,SubSector_R12,3,True,True,87.6,53.87,52.27,-2.97,True,False,False,True,3:53,0.28,False,14.0,False
CAT,SubSector_R12+Combined_R22,3,True,True,81.1,816.5,812.02,-0.55,False,False,False,True,2:49,-0.39,False,14.0,False
TXN,SubSector_R12,3,True,True,80.0,270.87,272.62,0.65,False,False,False,True,2:49,2.62,False,14.0,False
EFSI,10MA_R20,3,True,True,83.6,45.68,45.36,-0.7,True,False,False,False,2:44,3.17,False,14.0,False
LUV,SubSector_R12,3,True,True,83.3,41.77,41.04,-1.75,False,False,False,True,2:37,1.32,False,14.0,False
BBY,SubSector_R12,3,True,True,81.3,93.22,90.8,-2.6,True,False,False,False,2:49,3.5,False,,False
MOD,AI_R13+SubSector_R12+Combined_R22,3,True,False,59.4,197.62,193.11,-2.28,False,False,False,True,2:49,0.94,False,,False
INSW,Combined_R22+10MA_R20,3,True,True,78.9,109.1,101.96,-6.54,True,False,False,True,3:57,-0.95,False,,False
CVX,SubSector_R12+Combined_R22+RateHike_R2_迴避,3,False,True,89.6,203.67,205.51,0.9,True,True,False,True,6:54,-0.86,False,,False
SU,Combined_R22,3,False,True,85.5,67.24,67.98,1.1,True,False,False,True,5:20,0.61,False,,False
QRVO,10MA_R20,3,True,True,75.5,117.21,119.59,2.03,True,False,False,False,2:49,10.96,False,,False
BIDU,AI_R13,3,True,True,78.9,92.21,89.78,-2.64,False,False,False,False,11:09,-4.76,False,,False
AMPH,10MA_R20,3,False,True,81.3,24.48,24.96,1.96,True,True,False,False,9:54,8.53,False,,False
AWK,SubSector_R12,3,False,True,91.6,133.97,133.06,-0.68,False,True,False,False,8:49,-3.31,False,,False
CAH,SubSector_R12+Combined_R22,3,True,True,90.3,225.75,221.27,-1.98,False,True,False,False,8:35,-5.54,False,,False
MOS,SubSector_R12,3,False,False,73.4,24.07,24.37,1.25,True,True,False,True,8:49,0.48,False,1.0,False
BTU,SubSector_R12,3,True,False,67.3,25.07,26.41,5.35,True,True,True,True,7:52,-3.26,True,1.0,True
CTVA,SubSector_R12,3,False,True,82.4,79.11,80.42,1.66,True,True,True,True,7:52,-2.8,True,1.0,True
CF,SubSector_R12+Combined_R22,3,False,False,73.8,123.27,120.64,-2.13,True,True,False,False,7:48,-6.68,False,,False
RSG,SubSector_R12,3,False,True,93.0,213.93,213.1,-0.39,False,True,False,False,7:44,-3.2,False,,False
AD,10MA_R20_跌出,3,True,True,88.8,35.56,34.94,-1.74,False,True,False,False,7:37,-5.17,False,,False
HAL,SubSector_R12+RateHike_R2_迴避,3,True,True,82.8,33.39,33.01,-1.14,False,True,True,False,6:17,-6.62,False,0.0,True
DE,SubSector_R12,3,True,True,86.1,684.73,709.48,3.61,True,True,False,False,9:28,7.27,False,1.0,False
NTR,SubSector_R12,3,False,True,84.0,74.54,75.13,0.79,True,False,False,True,5:46,-0.05,False,,False
HUM,SubSector_R12,3,False,True,81.3,378.58,374.78,-1.0,False,True,False,False,6:02,-3.93,False,,False
FUBO,10MA_R20_跌出,3,True,False,48.5,10.3,9.63,-6.5,True,False,False,False,5:44,-9.32,False,,False
WFC,SubSector_R12,3,True,True,89.7,86.54,81.9,-5.36,False,True,False,False,6:02,-6.29,False,,False
CI,SubSector_R12,3,True,True,88.1,274.47,268.27,-2.26,False,False,False,False,5:36,-4.01,False,,False
NKTX,SubSector_R12+10MA_R20,3,True,False,54.1,2.88,2.76,-4.17,True,False,False,True,5:06,0.3,False,1.0,False
LUMN,Combined_R22,3,True,False,61.9,6.46,6.13,-5.11,False,False,False,True,5:16,-5.39,False,,False
MEOH,Combined_R22,3,False,True,76.3,58.7,59.15,0.77,True,False,False,True,4:46,-1.55,False,,False
SLDE,Combined_R22+10MA_R20,3,False,True,78.1,24.22,22.96,-5.2,True,False,False,False,4:22,-5.18,False,,False
UNM,Combined_R22+10MA_R20,3,False,True,88.5,93.56,94.46,0.96,True,False,False,True,4:52,1.14,False,,False
TIGO,Combined_R22,3,True,True,80.6,95.11,91.9,-3.38,False,False,False,True,4:49,-1.93,False,,False
ADM,SubSector_R12+10MA_R20,3,False,True,83.4,83.38,82.15,-1.48,True,False,False,True,4:29,-1.34,False,,False
REPX,10MA_R20,3,False,True,78.8,40.62,41.07,1.11,True,False,False,True,4:22,-0.44,False,,False
PBR,Combined_R22,3,True,True,83.8,20.63,21.14,2.47,True,False,True,False,4:08,6.29,False,0.0,True
AAPL,AI_R13+SubSector_R12,3,True,True,88.9,338.98,337.02,-0.58,True,False,False,False,2:49,4.75,False,,False
FPI,10MA_R20,3,True,True,93.0,10.95,10.79,-1.46,True,False,False,False,3:35,3.01,False,,False
NI,SubSector_R12,3,True,True,93.7,40.52,39.25,-3.13,False,False,False,False,3:25,-4.81,False,,False
NXPI,SubSector_R12,3,True,True,78.0,232.41,235.44,1.3,True,False,False,True,2:49,3.25,False,,False
OHI,SubSector_R12+10MA_R20,3,True,True,92.3,46.83,46.17,-1.41,True,False,False,True,3:28,-1.19,False,,False
STAG,SubSector_R12,3,False,True,94.1,37.51,36.83,-1.81,True,False,False,True,2:49,-0.88,False,,False
WMT,SubSector_R12,3,True,True,90.2,107.44,110.53,2.88,False,False,False,True,2:49,2.79,False,,False
ATRC,10MA_R20,3,True,True,77.2,58.32,59.96,2.81,True,False,False,False,12:31,10.34,False,,False
MAX,Combined_R22,2,False,False,65.9,10.79,9.39,-12.97,False,True,False,False,8:49,-25.68,False,2.0,False
VKTX,SubSector_R12,2,False,False,67.7,30.11,41.65,38.33,True,False,False,False,10:13,12.85,False,2.0,False
KALU,SubSector_R12,2,True,False,65.6,150.94,156.26,3.52,False,True,False,True,9:44,-2.98,False,2.0,False
CENX,SubSector_R12,2,True,False,61.9,39.1,38.82,-0.72,False,True,True,False,6:42,-14.3,False,2.0,True
ASPI,SubSector_R12,2,True,False,45.7,3.18,3.01,-5.35,False,True,True,False,6:07,-22.78,False,2.0,True
FSLR,SubSector_R12+RateHike_R2_迴避,2,True,False,68.5,199.84,191.97,-3.94,False,False,False,False,3:31,-8.72,False,2.0,False
JBL,SubSector_R12+Combined_R22,2,True,False,71.8,303.67,308.75,1.67,False,False,False,True,11:53,-2.23,False,3.0,False
VOYA,Combined_R22,2,False,True,90.6,100.53,97.37,-3.14,False,False,False,False,5:20,-3.66,False,3.0,False
ETN,AI_R13+SubSector_R12+Combined_R22+RateHike_R2_受惠,2,True,True,75.8,435.43,438.76,0.76,False,False,False,False,12:22,4.66,False,4.0,False
SNDK,AI_R13+SubSector_R12,2,True,False,41.6,1766.64,1816.57,2.83,True,False,False,False,11:28,11.29,False,4.0,False
POET,AI_R13+SubSector_R12,2,True,False,49.1,8.41,7.8,-7.25,False,False,False,True,11:26,-4.95,False,4.0,False
TER,AI_R13+SubSector_R12+Combined_R22,2,True,False,53.6,381.54,389.14,1.99,True,False,False,True,11:19,4.49,False,4.0,False
VECO,AI_R13,2,True,False,55.6,44.22,45.92,3.84,False,False,False,True,11:19,0.1,False,4.0,False
MCHP,Combined_R22,2,True,False,72.4,74.78,75.53,1.0,False,False,False,True,11:08,1.33,False,4.0,False
TLN,AI_R13+SubSector_R12+Combined_R22,2,True,False,67.9,299.97,300.34,0.12,False,False,False,True,10:48,-4.0,False,4.0,False
APD,AI_R13+SubSector_R12,2,False,True,89.8,279.46,286.97,2.69,False,True,True,False,8:49,-3.5,False,1.0,True
D,SubSector_R12,2,False,True,94.2,62.82,61.17,-2.63,False,True,False,False,8:49,-7.06,False,4.0,False
DNLI,SubSector_R12,2,False,False,73.1,20.47,20.46,-0.05,False,True,False,False,8:49,-9.5,False,4.0,True
DTIL,SubSector_R12,2,False,False,60.3,6.5,6.36,-2.15,False,True,False,False,8:49,-19.58,False,4.0,False
FDX,SubSector_R12+RateHike_R2_迴避,2,False,True,88.3,295.79,291.5,-1.45,False,True,False,False,8:49,-9.48,False,1.0,False
PAAS,SubSector_R12,2,False,False,71.1,48.75,48.11,-1.31,False,True,False,False,8:49,-5.88,False,4.0,False
RIG,SubSector_R12,2,False,False,70.3,5.45,5.47,0.37,False,True,True,False,8:09,-5.37,False,0.0,True
AA,SubSector_R12,2,True,False,71.0,44.64,44.02,-1.39,False,True,True,False,7:45,-11.94,False,1.0,True
NVO,SubSector_R12,2,False,True,78.2,39.8,38.17,-4.1,False,True,False,False,7:21,-15.4,False,4.0,False
ATO,SubSector_R12,2,False,True,94.9,158.27,156.24,-1.28,False,True,False,False,6:47,-6.2,False,4.0,False
SO,SubSector_R12,2,True,True,94.9,85.46,83.47,-2.33,False,True,False,False,6:29,-5.98,False,4.0,False
DUK,SubSector_R12,2,True,True,94.8,116.74,114.17,-2.2,False,True,False,False,6:03,-5.45,False,4.0,False
TSEM,AI_R13,2,True,False,51.4,233.82,230.5,-1.42,False,False,False,True,12:52,3.1,False,5.0,False
CAMT,AI_R13,2,True,False,59.0,149.63,147.06,-1.72,False,False,False,True,12:45,-0.42,False,5.0,False
AMRX,Combined_R22,2,False,True,76.9,20.16,19.33,-4.12,True,False,False,False,11:44,6.16,False,5.0,False
GEV,AI_R13+SubSector_R12+Combined_R22+RateHike_R2_受惠,2,True,False,69.6,946.22,951.82,0.59,False,False,False,True,11:23,0.29,False,5.0,False
AEHR,AI_R13,2,True,False,31.1,96.93,97.38,0.46,False,False,False,True,11:49,-0.88,False,5.0,False
CLF,SubSector_R12,2,False,False,63.9,12.07,12.87,6.63,True,False,False,False,11:04,7.16,False,5.0,False
MTSI,AI_R13,2,True,False,56.6,279.11,275.84,-1.17,False,False,False,True,11:12,0.3,False,5.0,False
AAOI,SubSector_R12+Combined_R22,2,True,False,36.3,108.67,101.06,-7.0,False,False,False,False,11:32,-16.89,False,5.0,False
BIRK,Combined_R22,2,True,False,72.6,31.34,31.42,0.26,False,False,False,False,10:32,-12.58,False,5.0,False
ALLO,SubSector_R12,2,True,False,59.6,1.69,1.67,-1.18,False,True,False,False,8:49,-14.59,False,5.0,True
AXON,Combined_R22,2,True,False,54.1,452.06,450.61,-0.32,False,True,False,False,8:49,-16.33,False,5.0,True
RCUS,Combined_R22,2,True,False,69.1,25.95,26.39,1.7,False,True,False,True,8:49,-4.67,False,5.0,True
SBUX,SubSector_R12+Combined_R22,2,False,True,89.3,94.9,94.14,-0.8,False,True,False,False,8:49,-8.67,False,5.0,True
BEAM,SubSector_R12,2,True,False,58.5,25.26,24.37,-3.52,False,True,False,False,8:49,-10.09,False,5.0,True
ALAB,AI_R13+Combined_R22,2,True,False,44.1,340.74,360.46,5.79,True,False,False,False,2:43,16.68,False,5.0,False
BRKR,Combined_R22,2,True,False,62.0,61.58,59.67,-3.1,True,False,False,True,12:36,2.74,False,6.0,False
CIEN,AI_R13+SubSector_R12+Combined_R22,2,True,False,50.2,365.96,355.91,-2.75,False,False,False,True,1:00,-3.43,False,6.0,False
WKC,Combined_R22,2,False,True,87.4,35.59,36.04,1.26,False,False,False,True,11:40,0.86,False,6.0,False
ANET,AI_R13+SubSector_R12+Combined_R22,2,True,False,70.8,205.42,203.47,-0.95,True,False,False,True,11:57,3.47,False,6.0,False
DOW,SubSector_R12,2,False,True,79.2,28.27,28.65,1.34,False,True,True,False,8:49,-5.53,False,0.0,True
PSX,SubSector_R12+RateHike_R2_受惠,2,False,True,83.2,261.75,256.48,-2.01,True,False,False,True,5:03,1.45,False,6.0,False
AMN,Combined_R22,2,True,False,71.4,34.24,33.91,-0.96,True,False,False,True,12:50,-0.4,False,7.0,False
CTKB,10MA_R20,2,True,False,73.8,5.28,5.68,7.58,True,False,False,False,12:22,13.03,False,7.0,False
TEM,Combined_R22,2,True,False,50.5,78.03,76.59,-1.85,True,False,False,False,11:37,13.02,False,7.0,False
LHX,SubSector_R12,2,True,True,87.6,246.93,239.21,-3.13,False,False,False,False,3:51,-9.26,False,7.0,False
FATE,SubSector_R12,2,True,False,55.2,2.53,2.43,-3.95,False,False,False,True,11:17,-3.62,False,7.0,False
ALOY,SubSector_R12,2,True,False,36.4,9.33,8.67,-7.07,False,True,False,False,8:49,-24.14,False,7.0,True
AMGN,SubSector_R12,2,False,True,85.4,393.16,406.09,3.29,False,True,False,True,8:49,-0.86,False,7.0,True
CAG,SubSector_R12,2,False,True,84.6,14.86,14.78,-0.54,False,True,False,False,8:49,-4.86,False,7.0,True
CHWY,SubSector_R12,2,True,False,69.0,20.51,18.55,-9.56,False,True,False,False,8:49,-18.55,False,7.0,False
CL,SubSector_R12,2,False,True,92.4,86.26,85.93,-0.38,False,True,False,False,8:49,-3.71,False,1.0,False
GIS,SubSector_R12,2,False,True,81.9,35.41,35.82,1.16,False,True,True,False,8:49,-6.85,False,1.0,True
IMO,Combined_R22,2,False,True,87.0,126.17,124.75,-1.13,False,True,False,False,8:49,-5.49,False,7.0,False
MAN,SubSector_R12,2,False,False,65.2,56.55,57.37,1.45,True,True,True,True,8:49,-2.96,True,1.0,True
MBX,Combined_R22,2,False,False,63.8,60.94,57.89,-5.0,False,True,False,False,8:49,-9.79,False,1.0,False
NSC,SubSector_R12+Combined_R22,2,False,True,92.2,309.07,315.01,1.92,False,True,True,False,8:49,-5.56,False,1.0,True
RHI,SubSector_R12,2,True,False,66.5,36.96,37.36,1.08,False,True,False,False,8:49,-11.5,False,7.0,True
WM,SubSector_R12,2,False,True,92.5,207.04,207.88,0.41,False,True,True,False,8:49,-5.1,False,0.0,True
HG,Combined_R22,2,False,True,88.5,33.87,33.47,-1.18,False,True,False,False,8:46,-4.55,False,7.0,False
AFL,SubSector_R12,2,False,True,94.0,115.18,115.23,0.04,False,False,False,True,12:35,-1.53,False,8.0,False
NUTX,10MA_R20,2,False,False,56.3,201.48,201.86,0.19,True,False,False,True,3:58,3.27,False,8.0,False
ZS,SubSector_R12+Combined_R22,2,True,False,64.7,207.13,214.45,3.53,True,False,False,False,11:52,14.93,False,8.0,False
HON,SubSector_R12,2,True,True,87.6,206.48,212.57,2.95,False,False,False,True,11:41,-0.41,False,8.0,False
W,SubSector_R12,2,True,False,62.0,104.95,99.5,-5.19,False,False,False,True,11:02,-2.24,False,8.0,False
A,SubSector_R12,2,False,True,86.9,161.94,165.32,2.09,True,False,False,False,11:12,6.8,False,8.0,False
PL,SubSector_R12,2,True,False,54.8,17.07,16.38,-4.04,False,False,False,False,10:52,-14.54,False,8.0,False
HD,SubSector_R12,2,False,True,90.0,297.2,296.72,-0.16,False,True,False,False,8:49,-8.09,False,8.0,True
IP,SubSector_R12,2,False,True,76.3,35.33,35.7,1.05,False,True,False,False,9:36,-4.37,False,8.0,False
LNC,SubSector_R12,2,False,True,82.2,41.68,41.08,-1.44,False,True,False,False,8:49,-5.56,False,8.0,False
LOW,SubSector_R12,2,False,True,89.0,190.98,191.36,0.2,False,True,False,False,8:49,-7.19,False,8.0,True
MHK,SubSector_R12,2,False,True,77.1,117.27,119.65,2.03,False,True,False,False,8:49,-8.39,False,8.0,False
NCLH,SubSector_R12,2,True,False,73.5,14.24,14.18,-0.42,False,True,False,False,9:54,-12.01,False,8.0,False
PINS,SubSector_R12,2,True,False,70.9,19.36,18.45,-4.7,False,True,False,False,8:49,-11.03,False,8.0,True
SHOP,SubSector_R12,2,False,False,66.3,137.92,142.34,3.2,False,False,False,True,10:05,0.79,False,8.0,False
UPST,AI_R13,2,True,False,68.3,25.58,24.45,-4.42,False,True,False,False,8:49,-13.77,False,8.0,False
LULU,SubSector_R12+Combined_R22,2,True,False,67.4,101.3,102.28,0.97,False,True,False,False,9:28,-5.68,False,8.0,False
TMUS,SubSector_R12,2,False,True,79.0,165.27,165.66,0.24,False,True,True,False,8:49,-6.82,False,0.0,True
LAMR,SubSector_R12,2,True,True,93.5,146.08,144.22,-1.27,False,True,False,False,6:10,-4.18,False,8.0,False
PD,10MA_R20,2,True,False,71.6,14.46,14.83,2.56,True,False,True,False,5:24,9.41,False,0.0,True
ACI,SubSector_R12,2,False,False,73.3,12.12,11.7,-3.47,False,False,False,False,3:32,-5.08,False,8.0,False
HIW,SubSector_R12,2,False,True,90.5,31.08,29.69,-4.47,False,False,False,False,3:44,-4.08,False,9.0,False
TPR,Combined_R22,2,True,True,76.2,113.07,110.51,-2.26,False,False,False,False,11:18,-12.54,False,9.0,False
LCID,SubSector_R12,2,True,False,37.2,4.3,4.16,-3.26,False,False,False,False,10:19,-16.37,False,9.0,False
CSX,SubSector_R12+Combined_R22,2,False,True,90.8,45.99,47.19,2.61,False,True,True,False,8:49,-4.34,False,1.0,True
UFPT,Combined_R22,2,True,False,74.1,281.69,287.38,2.02,False,True,False,False,8:49,-3.39,False,9.0,True
UNP,SubSector_R12+Combined_R22,2,False,True,90.8,269.63,275.53,2.19,False,True,True,False,8:49,-6.04,False,1.0,True
CRGY,10MA_R20_跌出,2,False,False,74.4,13.26,13.18,-0.6,True,True,False,False,6:16,-4.39,False,9.0,False
DKNG,SubSector_R12,2,True,False,66.2,21.97,21.25,-3.28,False,False,False,False,5:23,-13.07,False,9.0,False
FTNT,AI_R13+SubSector_R12+Combined_R22,2,True,False,73.6,175.23,178.74,2.0,True,False,False,False,1:52,8.61,False,9.0,False
S,SubSector_R12,2,True,False,63.0,23.8,24.1,1.26,True,False,False,False,12:10,9.64,False,10.0,False
TRV,SubSector_R12+RateHike_R2_受惠,2,False,True,90.9,371.13,360.39,-2.89,False,False,False,True,3:52,-2.57,False,10.0,False
OXY,SubSector_R12+Combined_R22,2,False,True,83.9,57.25,57.36,0.19,False,True,True,False,6:42,-4.24,False,0.0,True
CHRD,Combined_R22,2,False,True,77.9,139.43,137.72,-1.23,False,True,False,False,6:28,-5.57,False,10.0,False
TALO,10MA_R20_跌出,2,False,False,72.9,16.42,16.56,0.85,True,True,True,True,6:12,-2.94,True,0.0,True
EOG,SubSector_R12+Combined_R22,2,False,True,84.4,141.38,141.84,0.33,False,True,True,False,6:11,-3.1,False,0.0,True
SYY,SubSector_R12,2,True,True,91.3,78.43,77.14,-1.64,False,False,False,False,5:28,-5.15,False,1.0,False
MATX,Combined_R22,2,False,True,86.2,234.72,221.91,-5.46,True,False,False,True,4:03,-1.74,False,10.0,False
DDOG,SubSector_R12+Combined_R22,2,True,False,60.4,245.05,251.49,2.63,False,False,False,False,1:10,7.6,False,10.0,False
INSP,10MA_R20,2,True,False,66.7,75.72,69.06,-8.8,True,False,False,True,3:34,2.66,False,10.0,False
NTSK,10MA_R20,2,True,False,57.6,18.4,18.57,0.92,True,False,False,False,12:14,14.94,False,11.0,False
TSN,SubSector_R12,2,False,True,87.3,52.02,51.36,-1.27,False,False,False,False,10:42,-5.62,False,11.0,False
NET,AI_R13+Combined_R22,2,True,False,63.4,351.67,352.33,0.19,True,False,False,False,2:10,12.24,False,11.0,False
HPE,AI_R13+Combined_R22,2,True,False,57.6,61.75,62.33,0.94,True,False,False,False,12:47,10.45,False,11.0,False
MRVL,AI_R13+SubSector_R12+Combined_R22,2,True,False,53.1,257.38,260.9,1.37,True,False,False,False,11:40,11.4,False,12.0,False
LPTH,AI_R13,2,True,False,36.2,10.2,9.81,-3.82,False,False,False,False,11:37,-15.36,False,12.0,False
GOLD,SubSector_R12,2,False,False,63.3,43.8,43.48,-0.73,False,False,False,True,5:01,-3.78,False,12.0,False
COHR,AI_R13+SubSector_R12+Combined_R22,2,True,False,44.4,321.52,300.6,-6.51,False,False,False,True,2:49,-0.89,False,12.0,False
OBIO,10MA_R20,2,True,False,57.0,6.25,5.93,-5.12,True,False,False,False,1:50,7.06,False,12.0,False
ADI,SubSector_R12,2,True,True,82.4,383.0,385.23,0.58,True,False,False,False,12:42,3.65,False,13.0,False
SYRE,Combined_R22,2,True,False,66.4,92.03,88.17,-4.19,False,False,False,False,11:51,-6.48,False,13.0,False
RGTI,SubSector_R12,2,True,False,54.3,16.53,16.0,-3.21,False,False,False,True,11:28,-2.13,False,13.0,False
QBTS,SubSector_R12,2,True,False,50.9,17.7,16.81,-5.03,False,False,False,False,10:46,-7.04,False,13.0,False
KTOS,SubSector_R12,2,True,False,64.4,48.59,46.16,-5.0,False,False,False,False,10:34,-13.0,False,13.0,False
CLS,Combined_R22,2,True,False,54.4,344.4,361.84,5.06,True,False,False,False,2:49,10.95,False,13.0,False
FLEX,SubSector_R12,2,True,False,61.7,111.61,112.3,0.62,False,False,False,True,2:49,-0.24,False,13.0,False
DAL,SubSector_R12,2,False,True,85.6,82.5,81.75,-0.91,False,False,False,True,12:53,0.52,False,14.0,False
UAL,SubSector_R12,2,False,True,79.9,114.39,110.72,-3.21,False,False,False,True,12:50,-1.31,False,14.0,False
AAL,SubSector_R12,2,False,True,78.0,13.57,13.35,-1.62,False,False,False,True,12:30,-0.98,False,14.0,False
VSAT,Combined_R22,2,True,False,55.5,76.38,73.68,-3.53,False,False,False,True,12:52,-1.24,False,14.0,False
CGNX,Combined_R22,2,True,False,74.0,61.99,58.19,-6.13,False,False,False,False,3:32,-5.41,False,14.0,False
IESC,10MA_R20,2,True,False,50.0,321.69,319.73,-0.61,False,False,False,True,12:19,-5.02,False,14.0,False
RKLB,SubSector_R12+RateHike_R2_受惠,2,True,False,55.4,69.89,70.31,0.6,False,False,False,True,11:39,2.37,False,14.0,False
CBRS,Combined_R22,2,True,False,42.5,208.49,205.24,-1.56,False,False,False,True,11:46,-0.95,False,14.0,False
APLD,AI_R13+Combined_R22,2,True,False,49.5,28.19,27.23,-3.41,False,False,False,True,11:37,-0.44,False,14.0,False
ASTS,SubSector_R12+RateHike_R2_受惠,2,True,False,46.5,61.89,59.98,-3.09,False,False,False,True,11:32,-5.64,False,14.0,False
ONDS,SubSector_R12,2,True,False,54.2,7.38,7.4,0.27,False,False,False,False,10:44,-9.3,False,14.0,False
ZION,SubSector_R12+RateHike_R2_迴避,2,True,True,90.1,64.98,62.65,-3.59,False,False,False,False,5:46,-8.19,False,14.0,False
JBHT,SubSector_R12,2,True,True,75.7,236.17,234.63,-0.65,False,False,True,False,5:41,-10.01,False,1.0,True
OSCR,SubSector_R12,2,False,False,59.9,31.29,30.53,-2.43,True,False,False,True,5:09,-3.32,False,14.0,False
NWBI,Combined_R22,2,False,True,94.7,15.3,15.04,-1.7,False,False,False,True,4:54,-2.55,False,14.0,False
BRK-A,10MA_R20,2,False,True,96.1,752180.0,765020.0,1.71,False,False,True,True,4:35,0.59,False,0.0,True
WSFS,Combined_R22,2,False,True,93.8,77.79,76.99,-1.03,False,False,False,True,4:13,-2.93,False,14.0,False
AMKR,AI_R13,2,True,False,49.8,52.19,53.32,2.17,False,False,False,True,2:49,5.08,False,14.0,False
DELL,AI_R13+SubSector_R12+Combined_R22,2,True,False,55.0,575.31,549.83,-4.43,True,False,False,False,2:49,7.59,False,14.0,False
IREN,AI_R13+SubSector_R12+Combined_R22,2,True,False,44.0,47.23,47.05,-0.38,True,False,False,False,2:49,9.2,False,14.0,False
SNX,Combined_R22,2,False,True,82.9,279.59,287.89,2.97,True,False,False,False,2:49,8.1,False,14.0,False
SYM,AI_R13+SubSector_R12,2,True,False,66.7,43.96,43.69,-0.61,True,False,False,True,2:49,3.93,False,14.0,False
PRIM,SubSector_R12,2,True,False,68.5,76.91,74.12,-3.63,False,False,False,True,2:37,-3.33,False,14.0,False
HST,Combined_R22,2,False,True,90.6,22.31,22.15,-0.72,False,False,False,True,2:06,-1.18,False,14.0,False
MTZ,SubSector_R12,2,True,False,54.0,222.9,217.52,-2.41,False,False,False,False,10:38,-13.66,False,,False
HPQ,10MA_R20,2,False,False,66.9,32.95,32.16,-2.4,True,False,False,True,4:19,1.74,False,,False
NXT,SubSector_R12,2,True,False,61.0,83.15,81.81,-1.61,False,False,False,True,2:49,-5.35,False,,False
SWKS,10MA_R20,2,True,False,61.7,88.74,91.45,3.05,True,False,False,False,2:49,15.54,False,,False
PWR,AI_R13+SubSector_R12+Combined_R22,2,True,False,73.5,642.61,634.9,-1.2,False,False,False,True,2:37,-0.88,False,,False
TSLA,AI_R13+SubSector_R12+Combined_R22+10MA_R20,2,True,False,72.7,375.3,380.12,1.28,True,False,False,False,12:09,5.87,False,,False
ASX,AI_R13,2,True,False,66.3,43.73,43.93,0.46,True,False,False,False,11:07,11.58,False,,False
SBAC,SubSector_R12,2,False,True,85.0,176.28,170.53,-3.26,False,True,False,False,8:31,-7.73,False,,False
FRT,SubSector_R12,2,False,True,95.1,110.63,109.39,-1.12,False,True,False,False,8:20,-5.28,False,1.0,False
AMR,SubSector_R12,2,True,False,59.8,175.49,180.4,2.8,True,True,True,False,6:20,-10.77,False,1.0,True
CVS,SubSector_R12,2,True,True,87.7,87.6,85.86,-1.99,False,False,False,False,5:51,-8.43,False,,False
LEA,SubSector_R12,2,True,True,81.6,120.22,121.69,1.22,False,False,True,True,5:40,-2.74,False,1.0,True
BG,SubSector_R12,2,False,True,77.0,112.61,111.48,-1.0,False,False,False,False,5:23,-4.91,False,,False
IBM,SubSector_R12+10MA_R20,2,True,False,70.4,231.93,232.76,0.36,False,False,False,True,4:31,-1.11,False,,False
DOCU,10MA_R20,2,True,False,71.3,68.57,69.49,1.34,True,False,True,False,5:11,5.8,False,0.0,True
MPC,SubSector_R12+RateHike_R2_受惠,2,False,True,80.4,402.38,388.38,-3.48,True,False,False,True,4:37,0.72,False,,False
AESI,10MA_R20,2,False,False,60.7,13.27,11.52,-13.19,False,False,False,False,4:35,-12.41,False,,False
BRK-B,10MA_R20,2,False,True,95.9,502.01,507.17,1.03,False,False,True,True,4:35,0.14,False,0.0,True
STLD,SubSector_R12+RateHike_R2_受惠,2,True,True,77.6,229.99,234.29,1.87,False,False,True,True,4:34,-1.61,False,0.0,True
RDVT,10MA_R20,2,True,False,75.0,75.5,76.2,0.93,True,False,True,False,4:31,3.98,False,0.0,True
PARR,Combined_R22,2,False,False,60.2,82.0,76.97,-6.13,True,False,False,True,4:02,-4.56,False,,False
APTV,SubSector_R12,2,True,True,75.6,43.57,45.17,3.67,False,False,False,True,2:49,-1.35,False,,False
BE,AI_R13+Combined_R22,2,True,False,41.9,272.89,275.19,0.84,True,False,False,False,2:49,10.64,False,,False
EBAY,SubSector_R12,2,False,True,82.5,108.3,109.09,0.73,True,False,False,True,2:49,2.5,False,,False
GFS,AI_R13+SubSector_R12,2,True,False,65.6,48.57,46.42,-4.43,False,False,False,True,2:49,-1.29,False,,False
HSHP,Combined_R22,2,False,True,78.1,18.86,18.18,-3.61,True,False,False,True,3:32,3.41,False,,False
INTG,10MA_R20,2,True,False,59.3,38.04,36.33,-4.5,True,False,False,True,3:21,2.11,False,,False
IPGP,AI_R13,2,True,False,65.3,77.75,77.18,-0.73,False,False,False,True,2:49,-0.58,False,,False
MARA,SubSector_R12,2,True,False,46.2,13.28,13.35,0.53,True,False,False,False,2:49,15.64,False,,False
META,AI_R13+SubSector_R12+Combined_R22+10MA_R20,2,False,True,75.3,741.25,744.1,0.38,True,False,False,False,2:49,15.24,False,,False
MYGN,10MA_R20,2,True,False,38.8,4.01,4.01,0.0,True,False,False,False,2:49,14.1,False,,False
NATH,10MA_R20,2,False,True,96.8,97.48,94.4,-3.16,False,False,False,False,3:59,-3.53,False,,False
ON,SubSector_R12,2,True,False,57.7,71.72,74.1,3.32,False,False,False,True,2:49,0.81,False,,False
PLTK,SubSector_R12,2,True,False,55.9,2.31,2.2,-4.76,False,False,False,True,2:49,-5.84,False,,False
RBLX,SubSector_R12,2,True,False,57.2,51.25,48.99,-4.41,True,False,False,False,2:49,13.06,False,,False
RDDT,SubSector_R12+Combined_R22,2,True,False,56.3,158.73,151.98,-4.25,False,False,False,True,2:49,-5.08,False,,False
RIOT,SubSector_R12,2,True,False,47.0,24.18,24.69,2.11,True,False,False,False,2:49,15.39,False,,False
RUN,SubSector_R12,2,True,False,62.3,8.79,8.35,-5.01,False,False,False,False,2:49,-7.86,False,,False
TDOC,SubSector_R12,2,True,False,60.6,6.27,6.13,-2.23,False,False,False,False,2:49,-4.59,False,,False
UMC,SubSector_R12,2,True,False,66.0,25.43,24.68,-2.95,True,False,False,False,2:49,14.22,False,,False
VLO,SubSector_R12+RateHike_R2_受惠,2,False,True,80.2,393.27,375.84,-4.43,True,False,False,True,4:34,0.46,False,,False
WTTR,Combined_R22,2,True,False,71.1,20.6,19.29,-6.36,False,False,False,False,3:40,-4.75,False,,False
XRX,10MA_R20,2,False,False,52.2,3.33,3.47,4.2,True,False,False,False,2:49,6.94,False,,False
NJR,SubSector_R12,2,False,True,92.8,52.92,52.22,-1.32,False,False,False,False,2:49,-3.16,False,,False
CNXN,10MA_R20,2,False,True,87.4,85.9,88.57,3.11,True,False,False,False,2:49,6.84,False,,False
AVAV,SubSector_R12,2,True,False,56.1,160.9,155.94,-3.08,False,False,False,True,2:29,0.76,False,,False
FEIM,10MA_R20,2,True,False,45.4,89.0,84.22,-5.37,True,False,False,False,1:34,10.46,False,,False
CRWD,AI_R13+SubSector_R12+Combined_R22+10MA_R20,2,True,False,59.2,249.35,262.49,5.27,True,False,False,False,1:19,15.55,False,,False
HMY,Combined_R22,1,False,False,67.1,19.0,18.73,-1.42,False,True,False,False,8:49,-9.01,False,1.0,False
RAPP,Combined_R22,1,False,False,64.9,39.66,34.13,-13.94,False,True,False,False,8:49,-30.99,False,1.0,False
VAL,SubSector_R12,1,False,False,72.1,81.79,82.57,0.95,False,True,True,True,8:26,-3.89,False,1.0,True
UPS,SubSector_R12+RateHike_R2_迴避,1,False,True,87.4,94.75,95.82,1.13,False,False,False,False,5:58,-6.07,False,4.0,False
FN,AI_R13+Combined_R22,1,True,False,52.4,401.57,400.85,-0.18,False,False,False,False,12:29,-10.86,False,5.0,False
QUBT,SubSector_R12,1,True,False,63.5,8.96,9.12,1.79,True,False,False,False,11:32,6.93,False,5.0,False
LWLG,AI_R13,1,True,False,43.2,5.48,5.27,-3.83,False,False,False,False,11:30,-10.66,False,5.0,False
AXTI,AI_R13+Combined_R22,1,True,False,29.6,79.93,72.98,-8.7,False,False,False,True,10:57,3.11,False,5.0,False
TGTX,Combined_R22,1,False,False,72.8,57.16,56.0,-2.03,True,False,False,True,11:05,2.97,False,5.0,False
EE,SubSector_R12,1,False,False,72.8,33.92,33.97,0.15,False,True,False,False,8:03,-10.76,False,5.0,False
LQDA,Combined_R22,1,True,False,65.3,66.43,67.49,1.6,False,False,False,False,12:14,-5.45,False,6.0,False
RS,SubSector_R12+RateHike_R2_受惠,1,False,True,84.8,384.65,384.63,-0.01,False,False,False,True,4:37,-2.9,False,6.0,False
ILMN,SubSector_R12,1,False,False,72.4,238.82,255.38,6.93,True,False,False,False,12:19,11.0,False,7.0,False
NEO,Combined_R22,1,False,False,71.3,19.41,18.36,-5.41,True,False,False,True,3:23,2.07,False,7.0,False
TWLO,10MA_R20,1,False,False,66.0,266.06,290.7,9.26,True,False,False,False,12:05,16.51,False,7.0,False
CLDX,Combined_R22,1,False,False,72.9,37.89,31.12,-17.87,False,True,False,False,8:49,-19.71,False,7.0,False
IOT,Combined_R22,1,False,False,59.0,38.05,39.08,2.71,False,False,True,True,5:28,-2.26,False,0.0,True
IOVA,SubSector_R12+Combined_R22+10MA_R20,1,False,False,48.7,10.19,10.19,0.0,True,False,False,False,12:36,15.31,False,8.0,False
BDSX,10MA_R20,1,False,False,50.0,28.43,29.29,3.02,True,True,False,False,9:31,9.12,False,8.0,False
CHTR,SubSector_R12,1,False,False,61.9,123.35,116.61,-5.46,False,True,False,False,8:49,-22.73,False,8.0,False
DNTH,Combined_R22,1,False,False,64.5,96.47,93.44,-3.14,False,True,False,False,8:49,-13.13,False,1.0,False
TPB,SubSector_R12,1,False,False,65.3,61.31,60.5,-1.32,False,True,True,False,8:49,-22.02,False,0.0,True
MNST,SubSector_R12,1,False,True,90.4,44.0,43.91,-0.2,False,False,False,False,12:26,-3.57,False,9.0,False
CURI,10MA_R20,1,True,False,51.5,2.84,2.88,1.41,False,False,False,False,11:13,-14.61,False,9.0,False
CRSR,10MA_R20,1,True,False,56.7,13.52,13.52,0.0,False,False,False,False,1:42,8.28,False,9.0,False
ONON,SubSector_R12,1,True,False,71.0,27.32,30.16,10.4,False,False,False,True,1:33,3.42,False,9.0,False
FANG,SubSector_R12+Combined_R22,1,False,True,79.8,189.27,185.65,-1.91,False,True,False,False,6:42,-6.99,False,10.0,False
ADPT,Combined_R22,1,False,False,70.6,27.86,27.89,0.11,True,False,False,False,1:07,6.76,False,11.0,False
CXW,Combined_R22,1,False,False,73.6,32.41,32.28,-0.4,False,False,False,False,5:40,-4.6,False,13.0,False
ENPH,SubSector_R12,1,True,False,61.7,34.76,33.07,-4.86,False,False,False,False,4:30,-11.87,False,13.0,False
ARM,AI_R13+SubSector_R12+Combined_R22,1,False,False,53.4,322.9,332.56,2.99,True,False,False,False,2:31,19.36,False,13.0,False
RLAY,Combined_R22,1,False,False,70.7,18.19,18.03,-0.88,False,True,False,False,8:49,-6.26,False,1.0,False
NRG,AI_R13+SubSector_R12,1,True,False,67.9,103.28,100.72,-2.48,False,False,False,False,5:58,-11.51,False,14.0,False
AMD,AI_R13+SubSector_R12+Combined_R22,1,False,False,64.5,615.52,614.61,-0.15,True,False,False,False,2:49,16.88,False,,False
NFE,RateHike_R2_索引,1,False,False,5.0,10.82,6.4,-40.85,True,False,False,False,12:30,77.09,False,,False
NUE,SubSector_R12+10MA_R20+RateHike_R2_受惠,1,False,True,79.0,242.4,246.98,1.89,False,False,False,True,4:59,-2.95,False,,False
AAON,SubSector_R12,1,True,False,66.8,76.4,82.36,7.8,False,False,False,True,2:49,3.53,False,,False
APP,Combined_R22,1,False,False,59.1,330.17,315.25,-4.52,False,False,False,True,2:49,-0.08,False,,False
CYPH,10MA_R20,1,False,False,25.5,3.4,3.61,6.18,True,False,False,False,2:49,33.1,False,,False
DINO,SubSector_R12+Combined_R22+RateHike_R2_受惠,1,False,False,74.9,109.29,106.14,-2.88,True,False,False,True,3:52,2.67,False,,False
INTC,AI_R13+SubSector_R12+Combined_R22,1,False,False,57.4,121.78,122.6,0.67,True,False,False,False,2:49,17.74,False,,False
LASR,AI_R13,1,True,False,44.7,40.19,40.98,1.97,False,False,False,False,2:49,-6.53,False,,False
LII,SubSector_R12,1,True,False,74.6,363.64,372.34,2.39,False,False,False,False,2:49,-3.81,False,,False
PARA,SubSector_R12,1,True,False,30.8,0.92,0.89,-3.26,False,False,False,False,2:49,-44.32,False,,False
QCOM,AI_R13+Combined_R22,1,False,False,70.2,194.23,197.24,1.55,True,False,False,False,2:49,11.42,False,,False
SMTC,AI_R13,1,False,False,46.0,177.37,169.33,-4.53,True,False,False,False,2:49,11.77,False,,False
RXT,AI_R13,1,True,False,34.2,4.04,4.05,0.25,False,False,False,False,1:41,12.11,False,,False
VG,SubSector_R12,0,False,False,63.9,13.66,13.27,-2.86,True,True,False,False,6:50,-8.48,False,11.0,False
RMBS,AI_R13,0,False,False,60.5,96.96,103.47,6.71,True,False,False,False,2:49,12.37,False,13.0,False
CBIO,Combined_R22,0,False,False,43.9,16.25,14.19,-12.68,False,False,False,False,5:49,-24.78,False,,False
FLUT,SubSector_R12,0,False,False,66.7,86.86,85.89,-1.12,False,False,False,False,5:39,-13.01,False,,False
OLN,Combined_R22,0,False,False,72.0,16.54,16.77,1.39,False,False,False,False,2:49,-4.99,False,,False
